This is LuaHBTeX, Version 1.22.0 (TeX Live 2025)  (format=lualatex 2025.9.28)  9 MAY 2026 13:30
 system commands enabled.
**main.tex
(./main.tex
LaTeX2e <2025-06-01> patch level 1
L3 programming layer <2025-09-02>
Lua module: luaotfload 2024-12-03 v3.29 Lua based OpenType font support
Lua module: lualibs 2023-07-13 v2.76 ConTeXt Lua standard libraries.
Lua module: lualibs-extended 2023-07-13 v2.76 ConTeXt Lua libraries -- extended 
collection.
luaotfload | conf : Root cache directory is "C:/texlive/2025/texmf-var/luatex-ca
che/generic/names".
luaotfload | init : Loading fontloader "fontloader-2023-12-28.lua" from kpse-res
olved path "c:/texlive/2025/texmf-dist/tex/luatex/luaotfload/fontloader-2023-12-
28.lua".
Lua-only attribute luaotfload@noligature = 1
luaotfload | init : Context OpenType loader version 3.134
Inserting `luaotfload.node_processor' in `pre_linebreak_filter'.
Inserting `luaotfload.node_processor' in `hpack_filter'.
Inserting `luaotfload.glyph_stream' in `glyph_stream_provider'.
Inserting `luaotfload.define_font' in `define_font'.
Lua-only attribute luaotfload_color_attribute = 2
luaotfload | conf : Root cache directory is "C:/texlive/2025/texmf-var/luatex-ca
che/generic/names".
Inserting `luaotfload.harf.strip_prefix' in `find_opentype_file'.
Inserting `luaotfload.harf.strip_prefix' in `find_truetype_file'.
Removing  `luaotfload.glyph_stream' from `glyph_stream_provider'.
Inserting `luaotfload.harf.glyphstream' in `glyph_stream_provider'.
Inserting `luaotfload.harf.finalize_vlist' in `post_linebreak_filter'.
Inserting `luaotfload.harf.finalize_hlist' in `hpack_filter'.
Inserting `luaotfload.cleanup_files' in `wrapup_run'.
Inserting `luaotfload.harf.finalize_unicode' in `finish_pdffile'.
Inserting `luaotfload.glyphinfo' in `glyph_info'.
Lua-only attribute luaotfload.letterspace_done = 3
Inserting `luaotfload.aux.set_sscale_dimens' in `luaotfload.patch_font'.
Inserting `luaotfload.aux.set_font_index' in `luaotfload.patch_font'.
Inserting `luaotfload.aux.patch_cambria_domh' in `luaotfload.patch_font'.
Inserting `luaotfload.aux.fixup_fontdata' in `luaotfload.patch_font_unsafe'.
Inserting `luaotfload.aux.set_capheight' in `luaotfload.patch_font'.
Inserting `luaotfload.aux.set_xheight' in `luaotfload.patch_font'.
Inserting `luaotfload.rewrite_fontname' in `luaotfload.patch_font'.
Inserting `tracingstacklevels' in `input_level_string'. (./preamble.tex (c:/tex
live/2025/texmf-dist/tex/latex/base/article.cls
Document Class: article 2025/01/22 v1.4n Standard LaTeX document class
(c:/texlive/2025/texmf-dist/tex/latex/base/size10.clo
File: size10.clo 2025/01/22 v1.4n Standard LaTeX file (size option)
luaotfload | db : Font names database loaded from C:/texlive/2025/texmf-var/luat
ex-cache/generic/names/luaotfload-names.luc.gz)
\c@part=\count273
\c@section=\count274
\c@subsection=\count275
\c@subsubsection=\count276
\c@paragraph=\count277
\c@subparagraph=\count278
\c@figure=\count279
\c@table=\count280
\abovecaptionskip=\skip49
\belowcaptionskip=\skip50
\bibindent=\dimen147
)
(c:/texlive/2025/texmf-dist/tex/latex/fontsetup/fontsetup.sty
Package: fontsetup 2024/11/01 v2.3.0 For easily using font families with mathem
atics

(c:/texlive/2025/texmf-dist/tex/generic/oberdiek/iflang.sty
Package: iflang 2018/01/21 v1.7 Checks for the current language (HO)

(c:/texlive/2025/texmf-dist/tex/generic/infwarerr/infwarerr.sty
Package: infwarerr 2019/12/03 v1.5 Providing info/warning/error messages (HO)
)
(c:/texlive/2025/texmf-dist/tex/generic/pdftexcmds/pdftexcmds.sty
Package: pdftexcmds 2020-06-27 v0.33 Utility functions of pdfTeX for LuaTeX (HO
)

(c:/texlive/2025/texmf-dist/tex/generic/iftex/iftex.sty
Package: iftex 2024/12/12 v1.0g TeX engine tests
)
(c:/texlive/2025/texmf-dist/tex/generic/ltxcmds/ltxcmds.sty
Package: ltxcmds 2023-12-04 v1.26 LaTeX kernel commands for general use (HO)
)
Package pdftexcmds Info: \pdf@primitive is available.
Package pdftexcmds Info: \pdf@ifprimitive is available.
Package pdftexcmds Info: \pdfdraftmode found.
\pdftexcmds@toks=\toks17
)
Package iflang Info: Naming convention for patterns: babel.
)
(c:/texlive/2025/texmf-dist/tex/latex/fontspec/fontspec.sty
(c:/texlive/2025/texmf-dist/tex/latex/l3packages/xparse/xparse.sty
(c:/texlive/2025/texmf-dist/tex/latex/l3kernel/expl3.sty
Package: expl3 2025-09-02 L3 programming layer (loader) 

(c:/texlive/2025/texmf-dist/tex/latex/l3backend/l3backend-luatex.def
File: l3backend-luatex.def 2025-06-09 L3 backend support: PDF output (LuaTeX)
\l__color_backend_stack_int=\count281
Inserting `l3color' in `luaotfload.parse_color'.))
Package: xparse 2024-08-16 L3 Experimental document command parser
)
Package: fontspec 2024/05/11 v2.9e Font selection for XeLaTeX and LuaLaTeX
Lua module: fontspec 2024/05/11 v2.9e Font selection for XeLaTeX and LuaLaTeX
(c:/texlive/2025/texmf-dist/tex/latex/fontspec/fontspec-luatex.sty
Package: fontspec-luatex 2024/05/11 v2.9e Font selection for XeLaTeX and LuaLaT
eX
\l__fontspec_script_int=\count282
\l__fontspec_language_int=\count283
\l__fontspec_strnum_int=\count284
\l__fontspec_tmp_int=\count285
\l__fontspec_tmpa_int=\count286
\l__fontspec_tmpb_int=\count287
\l__fontspec_tmpc_int=\count288
\l__fontspec_em_int=\count289
\l__fontspec_emdef_int=\count290
\l__fontspec_strong_int=\count291
\l__fontspec_strongdef_int=\count292
\l__fontspec_tmpa_dim=\dimen148
\l__fontspec_tmpb_dim=\dimen149
\l__fontspec_tmpc_dim=\dimen150

(c:/texlive/2025/texmf-dist/tex/latex/base/fontenc.sty
Package: fontenc 2024/12/21 v2.1c Standard LaTeX package
)
(c:/texlive/2025/texmf-dist/tex/latex/fontspec/fontspec.cfg)))
(c:/texlive/2025/texmf-dist/tex/latex/unicode-math/unicode-math.sty
Package: unicode-math 2023/08/13 v0.8r Unicode maths in XeLaTeX and LuaLaTeX

(c:/texlive/2025/texmf-dist/tex/latex/unicode-math/unicode-math-luatex.sty
Package: unicode-math-luatex 2023/08/13 v0.8r Unicode maths in XeLaTeX and LuaL
aTeX

(c:/texlive/2025/texmf-dist/tex/latex/l3packages/l3keys2e/l3keys2e.sty
Package: l3keys2e 2024-08-16 LaTeX2e option processing using LaTeX3 keys
)
(c:/texlive/2025/texmf-dist/tex/latex/base/fix-cm.sty
Package: fix-cm 2020/11/24 v1.1t fixes to LaTeX

(c:/texlive/2025/texmf-dist/tex/latex/base/ts1enc.def
File: ts1enc.def 2001/06/05 v3.0e (jk/car/fm) Standard LaTeX file
LaTeX Font Info:    Redeclaring font encoding TS1 on input line 47.
LaTeX Encoding Info:    Redeclaring text command \capitalcedilla (encoding TS1)
 on input line 49.
LaTeX Encoding Info:    Redeclaring text command \capitalogonek (encoding TS1) 
on input line 52.
LaTeX Encoding Info:    Redeclaring text command \capitalgrave (encoding TS1) o
n input line 55.
LaTeX Encoding Info:    Redeclaring text command \capitalacute (encoding TS1) o
n input line 56.
LaTeX Encoding Info:    Redeclaring text command \capitalcircumflex (encoding T
S1) on input line 57.
LaTeX Encoding Info:    Redeclaring text command \capitaltilde (encoding TS1) o
n input line 58.
LaTeX Encoding Info:    Redeclaring text command \capitaldieresis (encoding TS1
) on input line 59.
LaTeX Encoding Info:    Redeclaring text command \capitalhungarumlaut (encoding
 TS1) on input line 60.
LaTeX Encoding Info:    Redeclaring text command \capitalring (encoding TS1) on
 input line 61.
LaTeX Encoding Info:    Redeclaring text command \capitalcaron (encoding TS1) o
n input line 62.
LaTeX Encoding Info:    Redeclaring text command \capitalbreve (encoding TS1) o
n input line 63.
LaTeX Encoding Info:    Redeclaring text command \capitalmacron (encoding TS1) 
on input line 64.
LaTeX Encoding Info:    Redeclaring text command \capitaldotaccent (encoding TS
1) on input line 65.
LaTeX Encoding Info:    Redeclaring text command \t (encoding TS1) on input lin
e 66.
LaTeX Encoding Info:    Redeclaring text command \capitaltie (encoding TS1) on 
input line 67.
LaTeX Encoding Info:    Redeclaring text command \newtie (encoding TS1) on inpu
t line 68.
LaTeX Encoding Info:    Redeclaring text command \capitalnewtie (encoding TS1) 
on input line 69.
LaTeX Encoding Info:    Redeclaring text symbol \textcapitalcompwordmark (encod
ing TS1) on input line 70.
LaTeX Encoding Info:    Redeclaring text symbol \textascendercompwordmark (enco
ding TS1) on input line 71.
LaTeX Encoding Info:    Redeclaring text symbol \textquotestraightbase (encodin
g TS1) on input line 72.
LaTeX Encoding Info:    Redeclaring text symbol \textquotestraightdblbase (enco
ding TS1) on input line 73.
LaTeX Encoding Info:    Redeclaring text symbol \texttwelveudash (encoding TS1)
 on input line 74.
LaTeX Encoding Info:    Redeclaring text symbol \textthreequartersemdash (encod
ing TS1) on input line 75.
LaTeX Encoding Info:    Redeclaring text symbol \textleftarrow (encoding TS1) o
n input line 76.
LaTeX Encoding Info:    Redeclaring text symbol \textrightarrow (encoding TS1) 
on input line 77.
LaTeX Encoding Info:    Redeclaring text symbol \textblank (encoding TS1) on in
put line 78.
LaTeX Encoding Info:    Redeclaring text symbol \textdollar (encoding TS1) on i
nput line 79.
LaTeX Encoding Info:    Redeclaring text symbol \textquotesingle (encoding TS1)
 on input line 80.
LaTeX Encoding Info:    Redeclaring text command \textasteriskcentered (encodin
g TS1) on input line 81.
LaTeX Encoding Info:    Redeclaring text symbol \textdblhyphen (encoding TS1) o
n input line 92.
LaTeX Encoding Info:    Redeclaring text symbol \textfractionsolidus (encoding 
TS1) on input line 93.
LaTeX Encoding Info:    Redeclaring text symbol \textzerooldstyle (encoding TS1
) on input line 94.
LaTeX Encoding Info:    Redeclaring text symbol \textoneoldstyle (encoding TS1)
 on input line 95.
LaTeX Encoding Info:    Redeclaring text symbol \texttwooldstyle (encoding TS1)
 on input line 96.
LaTeX Encoding Info:    Redeclaring text symbol \textthreeoldstyle (encoding TS
1) on input line 97.
LaTeX Encoding Info:    Redeclaring text symbol \textfouroldstyle (encoding TS1
) on input line 98.
LaTeX Encoding Info:    Redeclaring text symbol \textfiveoldstyle (encoding TS1
) on input line 99.
LaTeX Encoding Info:    Redeclaring text symbol \textsixoldstyle (encoding TS1)
 on input line 100.
LaTeX Encoding Info:    Redeclaring text symbol \textsevenoldstyle (encoding TS
1) on input line 101.
LaTeX Encoding Info:    Redeclaring text symbol \texteightoldstyle (encoding TS
1) on input line 102.
LaTeX Encoding Info:    Redeclaring text symbol \textnineoldstyle (encoding TS1
) on input line 103.
LaTeX Encoding Info:    Redeclaring text symbol \textlangle (encoding TS1) on i
nput line 104.
LaTeX Encoding Info:    Redeclaring text symbol \textminus (encoding TS1) on in
put line 105.
LaTeX Encoding Info:    Redeclaring text symbol \textrangle (encoding TS1) on i
nput line 106.
LaTeX Encoding Info:    Redeclaring text symbol \textmho (encoding TS1) on inpu
t line 107.
LaTeX Encoding Info:    Redeclaring text symbol \textbigcircle (encoding TS1) o
n input line 108.
LaTeX Encoding Info:    Redeclaring text command \textcircled (encoding TS1) on
 input line 109.
LaTeX Encoding Info:    Redeclaring text symbol \textohm (encoding TS1) on inpu
t line 115.
LaTeX Encoding Info:    Redeclaring text symbol \textlbrackdbl (encoding TS1) o
n input line 116.
LaTeX Encoding Info:    Redeclaring text symbol \textrbrackdbl (encoding TS1) o
n input line 117.
LaTeX Encoding Info:    Redeclaring text symbol \textuparrow (encoding TS1) on 
input line 118.
LaTeX Encoding Info:    Redeclaring text symbol \textdownarrow (encoding TS1) o
n input line 119.
LaTeX Encoding Info:    Redeclaring text symbol \textasciigrave (encoding TS1) 
on input line 120.
LaTeX Encoding Info:    Redeclaring text symbol \textborn (encoding TS1) on inp
ut line 121.
LaTeX Encoding Info:    Redeclaring text symbol \textdivorced (encoding TS1) on
 input line 122.
LaTeX Encoding Info:    Redeclaring text symbol \textdied (encoding TS1) on inp
ut line 123.
LaTeX Encoding Info:    Redeclaring text symbol \textleaf (encoding TS1) on inp
ut line 124.
LaTeX Encoding Info:    Redeclaring text symbol \textmarried (encoding TS1) on 
input line 125.
LaTeX Encoding Info:    Redeclaring text symbol \textmusicalnote (encoding TS1)
 on input line 126.
LaTeX Encoding Info:    Redeclaring text symbol \texttildelow (encoding TS1) on
 input line 127.
LaTeX Encoding Info:    Redeclaring text symbol \textdblhyphenchar (encoding TS
1) on input line 128.
LaTeX Encoding Info:    Redeclaring text symbol \textasciibreve (encoding TS1) 
on input line 129.
LaTeX Encoding Info:    Redeclaring text symbol \textasciicaron (encoding TS1) 
on input line 130.
LaTeX Encoding Info:    Redeclaring text symbol \textacutedbl (encoding TS1) on
 input line 131.
LaTeX Encoding Info:    Redeclaring text symbol \textgravedbl (encoding TS1) on
 input line 132.
LaTeX Encoding Info:    Redeclaring text symbol \textdagger (encoding TS1) on i
nput line 133.
LaTeX Encoding Info:    Redeclaring text symbol \textdaggerdbl (encoding TS1) o
n input line 134.
LaTeX Encoding Info:    Redeclaring text symbol \textbardbl (encoding TS1) on i
nput line 135.
LaTeX Encoding Info:    Redeclaring text symbol \textperthousand (encoding TS1)
 on input line 136.
LaTeX Encoding Info:    Redeclaring text symbol \textbullet (encoding TS1) on i
nput line 137.
LaTeX Encoding Info:    Redeclaring text symbol \textcelsius (encoding TS1) on 
input line 138.
LaTeX Encoding Info:    Redeclaring text symbol \textdollaroldstyle (encoding T
S1) on input line 139.
LaTeX Encoding Info:    Redeclaring text symbol \textcentoldstyle (encoding TS1
) on input line 140.
LaTeX Encoding Info:    Redeclaring text symbol \textflorin (encoding TS1) on i
nput line 141.
LaTeX Encoding Info:    Redeclaring text symbol \textcolonmonetary (encoding TS
1) on input line 142.
LaTeX Encoding Info:    Redeclaring text symbol \textwon (encoding TS1) on inpu
t line 143.
LaTeX Encoding Info:    Redeclaring text symbol \textnaira (encoding TS1) on in
put line 144.
LaTeX Encoding Info:    Redeclaring text symbol \textguarani (encoding TS1) on 
input line 145.
LaTeX Encoding Info:    Redeclaring text symbol \textpeso (encoding TS1) on inp
ut line 146.
LaTeX Encoding Info:    Redeclaring text symbol \textlira (encoding TS1) on inp
ut line 147.
LaTeX Encoding Info:    Redeclaring text symbol \textrecipe (encoding TS1) on i
nput line 148.
LaTeX Encoding Info:    Redeclaring text symbol \textinterrobang (encoding TS1)
 on input line 149.
LaTeX Encoding Info:    Redeclaring text symbol \textinterrobangdown (encoding 
TS1) on input line 150.
LaTeX Encoding Info:    Redeclaring text symbol \textdong (encoding TS1) on inp
ut line 151.
LaTeX Encoding Info:    Redeclaring text symbol \texttrademark (encoding TS1) o
n input line 152.
LaTeX Encoding Info:    Redeclaring text symbol \textpertenthousand (encoding T
S1) on input line 153.
LaTeX Encoding Info:    Redeclaring text symbol \textpilcrow (encoding TS1) on 
input line 154.
LaTeX Encoding Info:    Redeclaring text symbol \textbaht (encoding TS1) on inp
ut line 155.
LaTeX Encoding Info:    Redeclaring text symbol \textnumero (encoding TS1) on i
nput line 156.
LaTeX Encoding Info:    Redeclaring text symbol \textdiscount (encoding TS1) on
 input line 157.
LaTeX Encoding Info:    Redeclaring text symbol \textestimated (encoding TS1) o
n input line 158.
LaTeX Encoding Info:    Redeclaring text symbol \textopenbullet (encoding TS1) 
on input line 159.
LaTeX Encoding Info:    Redeclaring text symbol \textservicemark (encoding TS1)
 on input line 160.
LaTeX Encoding Info:    Redeclaring text symbol \textlquill (encoding TS1) on i
nput line 161.
LaTeX Encoding Info:    Redeclaring text symbol \textrquill (encoding TS1) on i
nput line 162.
LaTeX Encoding Info:    Redeclaring text symbol \textcent (encoding TS1) on inp
ut line 163.
LaTeX Encoding Info:    Redeclaring text symbol \textsterling (encoding TS1) on
 input line 164.
LaTeX Encoding Info:    Redeclaring text symbol \textcurrency (encoding TS1) on
 input line 165.
LaTeX Encoding Info:    Redeclaring text symbol \textyen (encoding TS1) on inpu
t line 166.
LaTeX Encoding Info:    Redeclaring text symbol \textbrokenbar (encoding TS1) o
n input line 167.
LaTeX Encoding Info:    Redeclaring text symbol \textsection (encoding TS1) on 
input line 168.
LaTeX Encoding Info:    Redeclaring text symbol \textasciidieresis (encoding TS
1) on input line 169.
LaTeX Encoding Info:    Redeclaring text symbol \textcopyright (encoding TS1) o
n input line 170.
LaTeX Encoding Info:    Redeclaring text symbol \textordfeminine (encoding TS1)
 on input line 171.
LaTeX Encoding Info:    Redeclaring text symbol \textcopyleft (encoding TS1) on
 input line 172.
LaTeX Encoding Info:    Redeclaring text symbol \textlnot (encoding TS1) on inp
ut line 173.
LaTeX Encoding Info:    Redeclaring text symbol \textcircledP (encoding TS1) on
 input line 174.
LaTeX Encoding Info:    Redeclaring text symbol \textregistered (encoding TS1) 
on input line 175.
LaTeX Encoding Info:    Redeclaring text symbol \textasciimacron (encoding TS1)
 on input line 176.
LaTeX Encoding Info:    Redeclaring text symbol \textdegree (encoding TS1) on i
nput line 177.
LaTeX Encoding Info:    Redeclaring text symbol \textpm (encoding TS1) on input
 line 178.
LaTeX Encoding Info:    Redeclaring text symbol \texttwosuperior (encoding TS1)
 on input line 179.
LaTeX Encoding Info:    Redeclaring text symbol \textthreesuperior (encoding TS
1) on input line 180.
LaTeX Encoding Info:    Redeclaring text symbol \textasciiacute (encoding TS1) 
on input line 181.
LaTeX Encoding Info:    Redeclaring text symbol \textmu (encoding TS1) on input
 line 182.
LaTeX Encoding Info:    Redeclaring text symbol \textparagraph (encoding TS1) o
n input line 183.
LaTeX Encoding Info:    Redeclaring text symbol \textperiodcentered (encoding T
S1) on input line 184.
LaTeX Encoding Info:    Redeclaring text symbol \textreferencemark (encoding TS
1) on input line 185.
LaTeX Encoding Info:    Redeclaring text symbol \textonesuperior (encoding TS1)
 on input line 186.
LaTeX Encoding Info:    Redeclaring text symbol \textordmasculine (encoding TS1
) on input line 187.
LaTeX Encoding Info:    Redeclaring text symbol \textsurd (encoding TS1) on inp
ut line 188.
LaTeX Encoding Info:    Redeclaring text symbol \textonequarter (encoding TS1) 
on input line 189.
LaTeX Encoding Info:    Redeclaring text symbol \textonehalf (encoding TS1) on 
input line 190.
LaTeX Encoding Info:    Redeclaring text symbol \textthreequarters (encoding TS
1) on input line 191.
LaTeX Encoding Info:    Redeclaring text symbol \texteuro (encoding TS1) on inp
ut line 192.
LaTeX Encoding Info:    Redeclaring text symbol \texttimes (encoding TS1) on in
put line 193.
LaTeX Encoding Info:    Redeclaring text symbol \textdiv (encoding TS1) on inpu
t line 194.
))
(c:/texlive/2025/texmf-dist/tex/latex/amsmath/amsmath.sty
Package: amsmath 2025/06/16 v2.17y AMS math features
\@mathmargin=\skip51

For additional information on amsmath, use the `?' option.
(c:/texlive/2025/texmf-dist/tex/latex/amsmath/amstext.sty
Package: amstext 2024/11/17 v2.01 AMS text

(c:/texlive/2025/texmf-dist/tex/latex/amsmath/amsgen.sty
File: amsgen.sty 1999/11/30 v2.0 generic functions
\@emptytoks=\toks18
\ex@=\dimen151
))
(c:/texlive/2025/texmf-dist/tex/latex/amsmath/amsbsy.sty
Package: amsbsy 1999/11/29 v1.2d Bold Symbols
\pmbraise@=\dimen152
)
(c:/texlive/2025/texmf-dist/tex/latex/amsmath/amsopn.sty
Package: amsopn 2022/04/08 v2.04 operator names
)
\inf@bad=\count293
LaTeX Info: Redefining \frac on input line 235.
\uproot@=\count294
\leftroot@=\count295
LaTeX Info: Redefining \overline on input line 398.
LaTeX Info: Redefining \colon on input line 409.
\classnum@=\count296
\DOTSCASE@=\count297
LaTeX Info: Redefining \ldots on input line 495.
LaTeX Info: Redefining \dots on input line 498.
LaTeX Info: Redefining \cdots on input line 619.
\Mathstrutbox@=\box53
\strutbox@=\box54
LaTeX Info: Redefining \big on input line 721.
LaTeX Info: Redefining \Big on input line 722.
LaTeX Info: Redefining \bigg on input line 723.
LaTeX Info: Redefining \Bigg on input line 724.
\big@size=\dimen153
LaTeX Font Info:    Redeclaring font encoding OML on input line 742.
LaTeX Font Info:    Redeclaring font encoding OMS on input line 743.
\macc@depth=\count298
LaTeX Info: Redefining \bmod on input line 904.
LaTeX Info: Redefining \pmod on input line 909.
LaTeX Info: Redefining \smash on input line 939.
LaTeX Info: Redefining \relbar on input line 969.
LaTeX Info: Redefining \Relbar on input line 970.
\c@MaxMatrixCols=\count299
\dotsspace@=\muskip17
\c@parentequation=\count300
\dspbrk@lvl=\count301
\tag@help=\toks19
\row@=\count302
\column@=\count303
\maxfields@=\count304
\andhelp@=\toks20
\eqnshift@=\dimen154
\alignsep@=\dimen155
\tagshift@=\dimen156
\tagwidth@=\dimen157
\totwidth@=\dimen158
\lineht@=\dimen159
\@envbody=\toks21
\multlinegap=\skip52
\multlinetaggap=\skip53
\mathdisplay@stack=\toks22
LaTeX Info: Redefining \[ on input line 2949.
LaTeX Info: Redefining \] on input line 2950.
)
(c:/texlive/2025/texmf-dist/tex/lualatex/lualatex-math/lualatex-math.sty
Package: lualatex-math 2022/01/01 v1.12 Patches for mathematics typesetting wit
h LuaLaTeX

(c:/texlive/2025/texmf-dist/tex/latex/etoolbox/etoolbox.sty
Package: etoolbox 2025/02/11 v2.5l e-TeX tools for LaTeX (JAW)
\etb@tempcnta=\count305
)
Lua module: lualatex-math 2013/08/03 v1.3 Patches for mathematics typesetting wi
th LuaLaTeX)
\g__um_fam_int=\count306
\g__um_fonts_used_int=\count307
\l__um_primecount_int=\count308
\g__um_primekern_muskip=\muskip18

(c:/texlive/2025/texmf-dist/tex/latex/unicode-math/unicode-math-table.tex)))
(c:/texlive/2025/texmf-dist/tex/latex/fontsetup/fspdefault.tex
(c:/texlive/2025/texmf-dist/tex/latex/newcomputermodern/NewCM10-Book.fontspec)

Package fontspec Info: 
(fontspec)             Font family 'NewCM10-Book.otf(0)' created for font
(fontspec)             'NewCM10-Book.otf' with options
(fontspec)             [Ligatures=TeX,Extension =
(fontspec)             .otf,ItalicFont=NewCM10-BookItalic,BoldFont=NewCM10-Bold
,BoldItalicFont=NewCM10-BoldItalic,SlantedFont=NewCM10-Book,BoldSlantedFont=New
CM10-Bold,SlantedFeatures
(fontspec)             = { FakeSlant = 0.25 },BoldSlantedFeatures = {
(fontspec)             FakeSlant = 0.25
(fontspec)             },SmallCapsFeatures={Numbers=OldStyle},SizeFeatures={{Si
ze=-8,
(fontspec)             Font=NewCM08-Book,
(fontspec)             ItalicFont=NewCM08-BookItalic,BoldFont=NewCM10-Bold,Bold
ItalicFont=NewCM10-BoldItalic,SlantedFont=NewCM08-Book,BoldSlantedFont=NewCM10-
Bold,SlantedFeatures
(fontspec)             = { FakeSlant = 0.25 },BoldSlantedFeatures = {
(fontspec)             FakeSlant = 0.25
(fontspec)             },SmallCapsFeatures={Numbers=OldStyle}}, {Size=8,
(fontspec)             Font=NewCM08-Book,
(fontspec)             ItalicFont=NewCM08-BookItalic,BoldFont=NewCM10-Bold,Bold
ItalicFont=NewCM10-BoldItalic,SlantedFont=NewCM08-Book,BoldSlantedFont=NewCM10-
Bold,SlantedFeatures
(fontspec)             = { FakeSlant = 0.25 },BoldSlantedFeatures = {
(fontspec)             FakeSlant = 0.25
(fontspec)             },SmallCapsFeatures={Numbers=OldStyle}}, {Size= 9-,
(fontspec)             Font = NewCM10-Book,
(fontspec)             ItalicFont=NewCM10-BookItalic,BoldFont=NewCM10-Bold,Bold
ItalicFont=NewCM10-BoldItalic,SlantedFont=NewCM10-Book,BoldSlantedFont=NewCM10-
Bold,SlantedFeatures
(fontspec)             = { FakeSlant = 0.25 },BoldSlantedFeatures = {
(fontspec)             FakeSlant = 0.25
(fontspec)             },SmallCapsFeatures={Numbers=OldStyle}}},SizeFeatures={{
Size=-8,
(fontspec)             Font=NewCM08-Book.otf,
(fontspec)             ItalicFont=NewCM08-BookItalic.otf,BoldFont=NewCM10-Bold.
otf,BoldItalicFont=NewCM10-BoldItalic.otf,SlantedFont=NewCM08-Book.otf,BoldSlan
tedFont=NewCM10-Bold.otf,SmallCapsFeatures={Numbers=OldStyle}},
(fontspec)             {Size=8, Font=NewCM08-Book.otf,
(fontspec)             ItalicFont=NewCM08-BookItalic.otf,BoldFont=NewCM10-Bold.
otf,BoldItalicFont=NewCM10-BoldItalic.otf,SlantedFont=NewCM08-Book.otf,BoldSlan
tedFont=NewCM10-Bold.otf,SmallCapsFeatures={Numbers=OldStyle}},
(fontspec)             {Size= 9-, Font = NewCM10-Book.otf,
(fontspec)             ItalicFont=NewCM10-BookItalic.otf,BoldFont=NewCM10-Bold.
otf,BoldItalicFont=NewCM10-BoldItalic.otf,SlantedFont=NewCM10-Book.otf,BoldSlan
tedFont=NewCM10-Bold.otf,SmallCapsFeatures={Numbers=OldStyle}}},SmallCapsFeatur
es={Numbers=OldStyle},BoldSlantedFont=NewCM10-Bold.otf,SlantedFont=NewCM10-Book
.otf,BoldItalicFont=NewCM10-BoldItalic.otf,BoldFont=NewCM10-Bold.otf,ItalicFont
=NewCM10-BookItalic.otf,SlantedFeatures={FakeSlant=0.25},BoldSlantedFeatures={F
akeSlant=0.25}].
(fontspec)              
(fontspec)              This font family consists of the following NFSS
(fontspec)             series/shapes:
(fontspec)              
(fontspec)             - 'normal' (m/n) with NFSS spec.:
(fontspec)             <-8>"[NewCM08-Book.otf]:mode=node;script=latn;language=d
flt;+tlig;"<8>"[NewCM08-Book.otf]:mode=node;script=latn;language=dflt;+tlig;"<9
->"[NewCM10-Book.otf]:mode=node;script=latn;language=dflt;+tlig;"
(fontspec)             - 'small caps'  (m/sc) with NFSS spec.:
(fontspec)             <-8>"[NewCM08-Book.otf]:mode=node;script=latn;language=d
flt;+tlig;+smcp;+onum;"<8>"[NewCM08-Book.otf]:mode=node;script=latn;language=df
lt;+tlig;+smcp;+onum;"<9->"[NewCM10-Book.otf]:mode=node;script=latn;language=df
lt;+tlig;+smcp;+onum;"
(fontspec)             - 'bold' (b/n) with NFSS spec.:
(fontspec)             <->"[NewCM10-Bold.otf]:mode=node;script=latn;language=df
lt;+tlig;"
(fontspec)             - 'bold small caps'  (b/sc) with NFSS spec.:
(fontspec)             <->"[NewCM10-Bold.otf]:mode=node;script=latn;language=df
lt;+tlig;+smcp;+onum;"
(fontspec)             - 'italic' (m/it) with NFSS spec.:
(fontspec)             <->"[NewCM10-BookItalic.otf]:mode=node;script=latn;langu
age=dflt;+tlig;"
(fontspec)             - 'italic small caps'  (m/scit) with NFSS spec.:
(fontspec)             <->"[NewCM10-BookItalic.otf]:mode=node;script=latn;langu
age=dflt;+tlig;+smcp;+onum;"
(fontspec)             - 'slanted' (m/sl) with NFSS spec.:
(fontspec)             <->"[NewCM10-Book.otf]:mode=node;script=latn;language=df
lt;slant=0.25;slant=0.25;+tlig;"
(fontspec)             - 'slanted small caps'  (m/scsl) with NFSS spec.:
(fontspec)             <->"[NewCM10-Book.otf]:mode=node;script=latn;language=df
lt;slant=0.25;slant=0.25;+tlig;+smcp;+onum;"
(fontspec)             - 'bold italic' (b/it) with NFSS spec.:
(fontspec)             <->"[NewCM10-BoldItalic.otf]:mode=node;script=latn;langu
age=dflt;+tlig;"
(fontspec)             - 'bold italic small caps'  (b/scit) with NFSS spec.:
(fontspec)             <->"[NewCM10-BoldItalic.otf]:mode=node;script=latn;langu
age=dflt;+tlig;+smcp;+onum;"
(fontspec)             - 'bold slanted' (b/sl) with NFSS spec.:
(fontspec)             <->"[NewCM10-Bold.otf]:mode=node;script=latn;language=df
lt;slant=0.25;slant=0.25;+tlig;"
(fontspec)             - 'bold slanted small caps'  (b/scsl) with NFSS spec.:
(fontspec)             <->"[NewCM10-Bold.otf]:mode=node;script=latn;language=df
lt;slant=0.25;slant=0.25;+tlig;+smcp;+onum;"


Package fontspec Info: 
(fontspec)             Font family 'NewCM10-Book.otf(1)' created for font
(fontspec)             'NewCM10-Book.otf' with options [Extension =
(fontspec)             .otf,ItalicFont=NewCM10-BookItalic,BoldFont=NewCM10-Bold
,BoldItalicFont=NewCM10-BoldItalic,SlantedFont=NewCM10-Book,BoldSlantedFont=New
CM10-Bold,SlantedFeatures
(fontspec)             = { FakeSlant = 0.25 },BoldSlantedFeatures = {
(fontspec)             FakeSlant = 0.25
(fontspec)             },SmallCapsFeatures={Numbers=OldStyle},SizeFeatures={{Si
ze=-8,
(fontspec)             Font=NewCM08-Book,
(fontspec)             ItalicFont=NewCM08-BookItalic,BoldFont=NewCM10-Bold,Bold
ItalicFont=NewCM10-BoldItalic,SlantedFont=NewCM08-Book,BoldSlantedFont=NewCM10-
Bold,SlantedFeatures
(fontspec)             = { FakeSlant = 0.25 },BoldSlantedFeatures = {
(fontspec)             FakeSlant = 0.25
(fontspec)             },SmallCapsFeatures={Numbers=OldStyle}}, {Size=8,
(fontspec)             Font=NewCM08-Book,
(fontspec)             ItalicFont=NewCM08-BookItalic,BoldFont=NewCM10-Bold,Bold
ItalicFont=NewCM10-BoldItalic,SlantedFont=NewCM08-Book,BoldSlantedFont=NewCM10-
Bold,SlantedFeatures
(fontspec)             = { FakeSlant = 0.25 },BoldSlantedFeatures = {
(fontspec)             FakeSlant = 0.25
(fontspec)             },SmallCapsFeatures={Numbers=OldStyle}}, {Size= 9-,
(fontspec)             Font = NewCM10-Book,
(fontspec)             ItalicFont=NewCM10-BookItalic,BoldFont=NewCM10-Bold,Bold
ItalicFont=NewCM10-BoldItalic,SlantedFont=NewCM10-Book,BoldSlantedFont=NewCM10-
Bold,SlantedFeatures
(fontspec)             = { FakeSlant = 0.25 },BoldSlantedFeatures = {
(fontspec)             FakeSlant = 0.25
(fontspec)             },SmallCapsFeatures={Numbers=OldStyle}}},Renderer=Basic,
SizeFeatures={{Size=-8,
(fontspec)             Font=NewCM08-Book.otf,
(fontspec)             ItalicFont=NewCM08-BookItalic.otf,BoldFont=NewCM10-Bold.
otf,BoldItalicFont=NewCM10-BoldItalic.otf,SlantedFont=NewCM08-Book.otf,BoldSlan
tedFont=NewCM10-Bold.otf,SmallCapsFeatures={Numbers=OldStyle}},
(fontspec)             {Size=8, Font=NewCM08-Book.otf,
(fontspec)             ItalicFont=NewCM08-BookItalic.otf,BoldFont=NewCM10-Bold.
otf,BoldItalicFont=NewCM10-BoldItalic.otf,SlantedFont=NewCM08-Book.otf,BoldSlan
tedFont=NewCM10-Bold.otf,SmallCapsFeatures={Numbers=OldStyle}},
(fontspec)             {Size= 9-, Font = NewCM10-Book.otf,
(fontspec)             ItalicFont=NewCM10-BookItalic.otf,BoldFont=NewCM10-Bold.
otf,BoldItalicFont=NewCM10-BoldItalic.otf,SlantedFont=NewCM10-Book.otf,BoldSlan
tedFont=NewCM10-Bold.otf,SmallCapsFeatures={Numbers=OldStyle}}},SmallCapsFeatur
es={Numbers=OldStyle},BoldSlantedFont=NewCM10-Bold.otf,SlantedFont=NewCM10-Book
.otf,BoldItalicFont=NewCM10-BoldItalic.otf,BoldFont=NewCM10-Bold.otf,ItalicFont
=NewCM10-BookItalic.otf,SlantedFeatures={FakeSlant=0.25},BoldSlantedFeatures={F
akeSlant=0.25}].
(fontspec)              
(fontspec)              This font family consists of the following NFSS
(fontspec)             series/shapes:
(fontspec)              
(fontspec)             - 'normal' (m/n) with NFSS spec.:
(fontspec)             <-8>"[NewCM08-Book.otf]:mode=base;script=latn;language=d
flt;"<8>"[NewCM08-Book.otf]:mode=base;script=latn;language=dflt;"<9->"[NewCM10-
Book.otf]:mode=base;script=latn;language=dflt;"
(fontspec)             - 'small caps'  (m/sc) with NFSS spec.:
(fontspec)             <-8>"[NewCM08-Book.otf]:mode=base;script=latn;language=d
flt;+smcp;+onum;"<8>"[NewCM08-Book.otf]:mode=base;script=latn;language=dflt;+sm
cp;+onum;"<9->"[NewCM10-Book.otf]:mode=base;script=latn;language=dflt;+smcp;+on
um;"
(fontspec)             - 'bold' (b/n) with NFSS spec.:
(fontspec)             <->"[NewCM10-Bold.otf]:mode=base;script=latn;language=df
lt;"
(fontspec)             - 'bold small caps'  (b/sc) with NFSS spec.:
(fontspec)             <->"[NewCM10-Bold.otf]:mode=base;script=latn;language=df
lt;+smcp;+onum;"
(fontspec)             - 'italic' (m/it) with NFSS spec.:
(fontspec)             <->"[NewCM10-BookItalic.otf]:mode=base;script=latn;langu
age=dflt;"
(fontspec)             - 'italic small caps'  (m/scit) with NFSS spec.:
(fontspec)             <->"[NewCM10-BookItalic.otf]:mode=base;script=latn;langu
age=dflt;+smcp;+onum;"
(fontspec)             - 'slanted' (m/sl) with NFSS spec.:
(fontspec)             <->"[NewCM10-Book.otf]:mode=base;script=latn;language=df
lt;slant=0.25;slant=0.25;"
(fontspec)             - 'slanted small caps'  (m/scsl) with NFSS spec.:
(fontspec)             <->"[NewCM10-Book.otf]:mode=base;script=latn;language=df
lt;slant=0.25;slant=0.25;+smcp;+onum;"
(fontspec)             - 'bold italic' (b/it) with NFSS spec.:
(fontspec)             <->"[NewCM10-BoldItalic.otf]:mode=base;script=latn;langu
age=dflt;"
(fontspec)             - 'bold italic small caps'  (b/scit) with NFSS spec.:
(fontspec)             <->"[NewCM10-BoldItalic.otf]:mode=base;script=latn;langu
age=dflt;+smcp;+onum;"
(fontspec)             - 'bold slanted' (b/sl) with NFSS spec.:
(fontspec)             <->"[NewCM10-Bold.otf]:mode=base;script=latn;language=df
lt;slant=0.25;slant=0.25;"
(fontspec)             - 'bold slanted small caps'  (b/scsl) with NFSS spec.:
(fontspec)             <->"[NewCM10-Bold.otf]:mode=base;script=latn;language=df
lt;slant=0.25;slant=0.25;+smcp;+onum;"

LaTeX Font Info:    Overwriting math alphabet `\mathrm' in version `normal'
(Font)                  OT1/cmr/m/n --> TU/NewCM10-Book.otf(1)/m/n on input lin
e 35.
LaTeX Font Info:    Overwriting math alphabet `\mathit' in version `normal'
(Font)                  OT1/cmr/m/it --> TU/NewCM10-Book.otf(1)/m/it on input l
ine 35.
LaTeX Font Info:    Overwriting math alphabet `\mathbf' in version `normal'
(Font)                  OT1/cmr/bx/n --> TU/NewCM10-Book.otf(1)/b/n on input li
ne 35.

(c:/texlive/2025/texmf-dist/tex/latex/newcomputermodern/NewCMSans10-Book.fontsp
ec)

Package fontspec Info: 
(fontspec)             Font family 'NewCMSans10-Book.otf(0)' created for font
(fontspec)             'NewCMSans10-Book.otf' with options
(fontspec)             [Ligatures=TeX,Extension =
(fontspec)             .otf,ItalicFont=NewCMSans10-BookOblique,BoldFont=NewCMSa
ns10-Bold,BoldItalicFont=NewCMSans10-BoldOblique,SlantedFont
(fontspec)             = NewCMSans10-Book,BoldSlantedFont =
(fontspec)             NewCMSans10-Bold,SlantedFeatures = { FakeSlant = 0.25
(fontspec)             },BoldSlantedFeatures = { FakeSlant = 0.25
(fontspec)             },SmallCapsFeatures={Numbers=OldStyle},SizeFeatures={{Si
ze=
(fontspec)             -8,
(fontspec)             Font=NewCMSans08-Book,ItalicFont=NewCMSans08-BookOblique
,BoldFont=NewCMSans10-Bold,BoldItalicFont=NewCMSans10-BoldOblique,SlantedFont
(fontspec)             = NewCMSans08-Book,BoldSlantedFont =
(fontspec)             NewCMSans10-Bold,SlantedFeatures = { FakeSlant = 0.25
(fontspec)             },BoldSlantedFeatures = { FakeSlant = 0.25
(fontspec)             },SmallCapsFeatures={Numbers=OldStyle}}, {Size= 8,
(fontspec)             Font=NewCMSans08-Book,ItalicFont=NewCMSans08-BookOblique
,BoldFont=NewCMSans10-Bold,BoldItalicFont=NewCMSans10-BoldOblique,SlantedFont
(fontspec)             = NewCMSans08-Book,BoldSlantedFont =
(fontspec)             NewCMSans10-Bold,SlantedFeatures = { FakeSlant = 0.25
(fontspec)             },BoldSlantedFeatures = { FakeSlant = 0.25
(fontspec)             },SmallCapsFeatures={Numbers=OldStyle}}, {Size= 9-,
(fontspec)             Font=NewCMSans10-Book,ItalicFont=NewCMSans10-BookOblique
,BoldFont=NewCMSans10-Bold,BoldItalicFont=NewCMSans10-BoldOblique,SlantedFont
(fontspec)             = NewCMSans10-Book,BoldSlantedFont =
(fontspec)             NewCMSans10-Bold,SlantedFeatures = { FakeSlant = 0.25
(fontspec)             },BoldSlantedFeatures = { FakeSlant = 0.25
(fontspec)             },SmallCapsFeatures={Numbers=OldStyle}}
(fontspec)             },SizeFeatures={{Size= -8,
(fontspec)             Font=NewCMSans08-Book.otf,ItalicFont=NewCMSans08-BookObl
ique.otf,BoldFont=NewCMSans10-Bold.otf,BoldItalicFont=NewCMSans10-BoldOblique.o
tf,SmallCapsFeatures={Numbers=OldStyle},},
(fontspec)             {Size= 8,
(fontspec)             Font=NewCMSans08-Book.otf,ItalicFont=NewCMSans08-BookObl
ique.otf,BoldFont=NewCMSans10-Bold.otf,BoldItalicFont=NewCMSans10-BoldOblique.o
tf,SmallCapsFeatures={Numbers=OldStyle},},
(fontspec)             {Size= 9-,
(fontspec)             Font=NewCMSans10-Book.otf,ItalicFont=NewCMSans10-BookObl
ique.otf,BoldFont=NewCMSans10-Bold.otf,BoldItalicFont=NewCMSans10-BoldOblique.o
tf,SmallCapsFeatures={Numbers=OldStyle},}},ItalicFont=NewCMSans10-BookOblique.o
tf,BoldFont=NewCMSans10-Bold.otf,BoldItalicFont=NewCMSans10-BoldOblique.otf,Sma
llCapsFeatures={Numbers=OldStyle},SlantedFont=NewCMSans10-BookOblique.otf,BoldS
lantedFont=NewCMSans10-BoldOblique.otf].
(fontspec)              
(fontspec)              This font family consists of the following NFSS
(fontspec)             series/shapes:
(fontspec)              
(fontspec)             - 'normal' (m/n) with NFSS spec.:
(fontspec)             <-8>"[NewCMSans08-Book.otf]:mode=node;script=latn;langua
ge=dflt;+tlig;"<8>"[NewCMSans08-Book.otf]:mode=node;script=latn;language=dflt;+
tlig;"<9->"[NewCMSans10-Book.otf]:mode=node;script=latn;language=dflt;+tlig;"
(fontspec)             - 'small caps'  (m/sc) with NFSS spec.:
(fontspec)             <-8>"[NewCMSans08-Book.otf]:mode=node;script=latn;langua
ge=dflt;+tlig;+smcp;+onum;"<8>"[NewCMSans08-Book.otf]:mode=node;script=latn;lan
guage=dflt;+tlig;+smcp;+onum;"<9->"[NewCMSans10-Book.otf]:mode=node;script=latn
;language=dflt;+tlig;+smcp;+onum;"
(fontspec)             - 'bold' (b/n) with NFSS spec.:
(fontspec)             <->"[NewCMSans10-Bold.otf]:mode=node;script=latn;languag
e=dflt;+tlig;"
(fontspec)             - 'bold small caps'  (b/sc) with NFSS spec.:
(fontspec)             <->"[NewCMSans10-Bold.otf]:mode=node;script=latn;languag
e=dflt;+tlig;+smcp;+onum;"
(fontspec)             - 'italic' (m/it) with NFSS spec.:
(fontspec)             <->"[NewCMSans10-BookOblique.otf]:mode=node;script=latn;
language=dflt;+tlig;"
(fontspec)             - 'italic small caps'  (m/scit) with NFSS spec.:
(fontspec)             <->"[NewCMSans10-BookOblique.otf]:mode=node;script=latn;
language=dflt;+tlig;+smcp;+onum;"
(fontspec)             - 'slanted' (m/sl) with NFSS spec.:
(fontspec)             <->"[NewCMSans10-BookOblique.otf]:mode=node;script=latn;
language=dflt;slant=0.25;+tlig;"
(fontspec)             - 'slanted small caps'  (m/scsl) with NFSS spec.:
(fontspec)             <->"[NewCMSans10-BookOblique.otf]:mode=node;script=latn;
language=dflt;slant=0.25;+tlig;+smcp;+onum;"
(fontspec)             - 'bold italic' (b/it) with NFSS spec.:
(fontspec)             <->"[NewCMSans10-BoldOblique.otf]:mode=node;script=latn;
language=dflt;+tlig;"
(fontspec)             - 'bold italic small caps'  (b/scit) with NFSS spec.:
(fontspec)             <->"[NewCMSans10-BoldOblique.otf]:mode=node;script=latn;
language=dflt;+tlig;+smcp;+onum;"
(fontspec)             - 'bold slanted' (b/sl) with NFSS spec.:
(fontspec)             <->"[NewCMSans10-BoldOblique.otf]:mode=node;script=latn;
language=dflt;slant=0.25;+tlig;"
(fontspec)             - 'bold slanted small caps'  (b/scsl) with NFSS spec.:
(fontspec)             <->"[NewCMSans10-BoldOblique.otf]:mode=node;script=latn;
language=dflt;slant=0.25;+tlig;+smcp;+onum;"


Package fontspec Info: 
(fontspec)             Font family 'NewCMSans10-Book.otf(1)' created for font
(fontspec)             'NewCMSans10-Book.otf' with options [Extension =
(fontspec)             .otf,ItalicFont=NewCMSans10-BookOblique,BoldFont=NewCMSa
ns10-Bold,BoldItalicFont=NewCMSans10-BoldOblique,SlantedFont
(fontspec)             = NewCMSans10-Book,BoldSlantedFont =
(fontspec)             NewCMSans10-Bold,SlantedFeatures = { FakeSlant = 0.25
(fontspec)             },BoldSlantedFeatures = { FakeSlant = 0.25
(fontspec)             },SmallCapsFeatures={Numbers=OldStyle},SizeFeatures={{Si
ze=
(fontspec)             -8,
(fontspec)             Font=NewCMSans08-Book,ItalicFont=NewCMSans08-BookOblique
,BoldFont=NewCMSans10-Bold,BoldItalicFont=NewCMSans10-BoldOblique,SlantedFont
(fontspec)             = NewCMSans08-Book,BoldSlantedFont =
(fontspec)             NewCMSans10-Bold,SlantedFeatures = { FakeSlant = 0.25
(fontspec)             },BoldSlantedFeatures = { FakeSlant = 0.25
(fontspec)             },SmallCapsFeatures={Numbers=OldStyle}}, {Size= 8,
(fontspec)             Font=NewCMSans08-Book,ItalicFont=NewCMSans08-BookOblique
,BoldFont=NewCMSans10-Bold,BoldItalicFont=NewCMSans10-BoldOblique,SlantedFont
(fontspec)             = NewCMSans08-Book,BoldSlantedFont =
(fontspec)             NewCMSans10-Bold,SlantedFeatures = { FakeSlant = 0.25
(fontspec)             },BoldSlantedFeatures = { FakeSlant = 0.25
(fontspec)             },SmallCapsFeatures={Numbers=OldStyle}}, {Size= 9-,
(fontspec)             Font=NewCMSans10-Book,ItalicFont=NewCMSans10-BookOblique
,BoldFont=NewCMSans10-Bold,BoldItalicFont=NewCMSans10-BoldOblique,SlantedFont
(fontspec)             = NewCMSans10-Book,BoldSlantedFont =
(fontspec)             NewCMSans10-Bold,SlantedFeatures = { FakeSlant = 0.25
(fontspec)             },BoldSlantedFeatures = { FakeSlant = 0.25
(fontspec)             },SmallCapsFeatures={Numbers=OldStyle}}
(fontspec)             },Renderer=Basic,SizeFeatures={{Size= -8,
(fontspec)             Font=NewCMSans08-Book.otf,ItalicFont=NewCMSans08-BookObl
ique.otf,BoldFont=NewCMSans10-Bold.otf,BoldItalicFont=NewCMSans10-BoldOblique.o
tf,SmallCapsFeatures={Numbers=OldStyle},},
(fontspec)             {Size= 8,
(fontspec)             Font=NewCMSans08-Book.otf,ItalicFont=NewCMSans08-BookObl
ique.otf,BoldFont=NewCMSans10-Bold.otf,BoldItalicFont=NewCMSans10-BoldOblique.o
tf,SmallCapsFeatures={Numbers=OldStyle},},
(fontspec)             {Size= 9-,
(fontspec)             Font=NewCMSans10-Book.otf,ItalicFont=NewCMSans10-BookObl
ique.otf,BoldFont=NewCMSans10-Bold.otf,BoldItalicFont=NewCMSans10-BoldOblique.o
tf,SmallCapsFeatures={Numbers=OldStyle},}},ItalicFont=NewCMSans10-BookOblique.o
tf,BoldFont=NewCMSans10-Bold.otf,BoldItalicFont=NewCMSans10-BoldOblique.otf,Sma
llCapsFeatures={Numbers=OldStyle},SlantedFont=NewCMSans10-BookOblique.otf,BoldS
lantedFont=NewCMSans10-BoldOblique.otf].
(fontspec)              
(fontspec)              This font family consists of the following NFSS
(fontspec)             series/shapes:
(fontspec)              
(fontspec)             - 'normal' (m/n) with NFSS spec.:
(fontspec)             <-8>"[NewCMSans08-Book.otf]:mode=base;script=latn;langua
ge=dflt;"<8>"[NewCMSans08-Book.otf]:mode=base;script=latn;language=dflt;"<9->"[
NewCMSans10-Book.otf]:mode=base;script=latn;language=dflt;"
(fontspec)             - 'small caps'  (m/sc) with NFSS spec.:
(fontspec)             <-8>"[NewCMSans08-Book.otf]:mode=base;script=latn;langua
ge=dflt;+smcp;+onum;"<8>"[NewCMSans08-Book.otf]:mode=base;script=latn;language=
dflt;+smcp;+onum;"<9->"[NewCMSans10-Book.otf]:mode=base;script=latn;language=df
lt;+smcp;+onum;"
(fontspec)             - 'bold' (b/n) with NFSS spec.:
(fontspec)             <->"[NewCMSans10-Bold.otf]:mode=base;script=latn;languag
e=dflt;"
(fontspec)             - 'bold small caps'  (b/sc) with NFSS spec.:
(fontspec)             <->"[NewCMSans10-Bold.otf]:mode=base;script=latn;languag
e=dflt;+smcp;+onum;"
(fontspec)             - 'italic' (m/it) with NFSS spec.:
(fontspec)             <->"[NewCMSans10-BookOblique.otf]:mode=base;script=latn;
language=dflt;"
(fontspec)             - 'italic small caps'  (m/scit) with NFSS spec.:
(fontspec)             <->"[NewCMSans10-BookOblique.otf]:mode=base;script=latn;
language=dflt;+smcp;+onum;"
(fontspec)             - 'slanted' (m/sl) with NFSS spec.:
(fontspec)             <->"[NewCMSans10-BookOblique.otf]:mode=base;script=latn;
language=dflt;slant=0.25;"
(fontspec)             - 'slanted small caps'  (m/scsl) with NFSS spec.:
(fontspec)             <->"[NewCMSans10-BookOblique.otf]:mode=base;script=latn;
language=dflt;slant=0.25;+smcp;+onum;"
(fontspec)             - 'bold italic' (b/it) with NFSS spec.:
(fontspec)             <->"[NewCMSans10-BoldOblique.otf]:mode=base;script=latn;
language=dflt;"
(fontspec)             - 'bold italic small caps'  (b/scit) with NFSS spec.:
(fontspec)             <->"[NewCMSans10-BoldOblique.otf]:mode=base;script=latn;
language=dflt;+smcp;+onum;"
(fontspec)             - 'bold slanted' (b/sl) with NFSS spec.:
(fontspec)             <->"[NewCMSans10-BoldOblique.otf]:mode=base;script=latn;
language=dflt;slant=0.25;"
(fontspec)             - 'bold slanted small caps'  (b/scsl) with NFSS spec.:
(fontspec)             <->"[NewCMSans10-BoldOblique.otf]:mode=base;script=latn;
language=dflt;slant=0.25;+smcp;+onum;"

LaTeX Font Info:    Overwriting math alphabet `\mathsf' in version `normal'
(Font)                  OT1/cmss/m/n --> TU/NewCMSans10-Book.otf(1)/m/n on inpu
t line 62.
LaTeX Font Info:    Overwriting math alphabet `\mathsf' in version `bold'
(Font)                  OT1/cmss/bx/n --> TU/NewCMSans10-Book.otf(1)/b/n on inp
ut line 62.

(c:/texlive/2025/texmf-dist/tex/latex/newcomputermodern/NewCMMono10-Book.fontsp
ec)

Package fontspec Info: 
(fontspec)             Font family 'NewCMMono10-Book.otf(0)' created for font
(fontspec)             'NewCMMono10-Book.otf' with options
(fontspec)             [WordSpace={1,0,0},HyphenChar=None,PunctuationSpace=Word
Space,Extension
(fontspec)             = .otf,UprightFont = NewCMMono10-Book,BoldFont =
(fontspec)             NewCMMono10-Bold,ItalicFont =
(fontspec)             NewCMMono10-BookItalic,BoldItalicFont =
(fontspec)             NewCMMono10-BoldOblique,SlantedFont =
(fontspec)             NewCMMono10-Book,BoldSlantedFont =
(fontspec)             NewCMMono10-Bold,SlantedFeatures = { FakeSlant = 0.25
(fontspec)             },BoldSlantedFeatures = { FakeSlant = 0.25
(fontspec)             },SmallCapsFeatures={Numbers=OldStyle},ItalicFont=NewCMM
ono10-BookItalic.otf,BoldFont=NewCMMono10-Bold.otf,BoldItalicFont=NewCMMono10-B
oldOblique.otf,SlantedFont=NewCMMono10-Book.otf,SlantedFeatures={FakeSlant=0.25
},BoldSlantedFont=NewCMMono10-Bold.otf,BoldSlantedFeatures={FakeSlant=0.25},Sma
llCapsFeatures={Numbers=OldStyle}].
(fontspec)              
(fontspec)              This font family consists of the following NFSS
(fontspec)             series/shapes:
(fontspec)              
(fontspec)             - 'normal' (m/n) with NFSS spec.:
(fontspec)             <->"[NewCMMono10-Book.otf]:mode=node;script=latn;languag
e=dflt;"
(fontspec)             - 'small caps'  (m/sc) with NFSS spec.:
(fontspec)             <->"[NewCMMono10-Book.otf]:mode=node;script=latn;languag
e=dflt;+smcp;+onum;"
(fontspec)             and font adjustment code:
(fontspec)             \fontdimen 2\font =1\fontdimen 2\font \fontdimen 3\font
(fontspec)             =0\fontdimen 3\font \fontdimen 4\font =0\fontdimen
(fontspec)             4\font \fontdimen 7\font =0\fontdimen 2\font
(fontspec)             \tex_hyphenchar:D \font =-1\scan_stop: 
(fontspec)             - 'bold' (b/n) with NFSS spec.:
(fontspec)             <->"[NewCMMono10-Bold.otf]:mode=node;script=latn;languag
e=dflt;"
(fontspec)             - 'bold small caps'  (b/sc) with NFSS spec.:
(fontspec)             <->"[NewCMMono10-Bold.otf]:mode=node;script=latn;languag
e=dflt;+smcp;+onum;"
(fontspec)             and font adjustment code:
(fontspec)             \fontdimen 2\font =1\fontdimen 2\font \fontdimen 3\font
(fontspec)             =0\fontdimen 3\font \fontdimen 4\font =0\fontdimen
(fontspec)             4\font \fontdimen 7\font =0\fontdimen 2\font
(fontspec)             \tex_hyphenchar:D \font =-1\scan_stop: 
(fontspec)             - 'italic' (m/it) with NFSS spec.:
(fontspec)             <->"[NewCMMono10-BookItalic.otf]:mode=node;script=latn;l
anguage=dflt;"
(fontspec)             - 'italic small caps'  (m/scit) with NFSS spec.:
(fontspec)             <->"[NewCMMono10-BookItalic.otf]:mode=node;script=latn;l
anguage=dflt;+smcp;+onum;"
(fontspec)             and font adjustment code:
(fontspec)             \fontdimen 2\font =1\fontdimen 2\font \fontdimen 3\font
(fontspec)             =0\fontdimen 3\font \fontdimen 4\font =0\fontdimen
(fontspec)             4\font \fontdimen 7\font =0\fontdimen 2\font
(fontspec)             \tex_hyphenchar:D \font =-1\scan_stop: 
(fontspec)             - 'slanted' (m/sl) with NFSS spec.:
(fontspec)             <->"[NewCMMono10-Book.otf]:mode=node;script=latn;languag
e=dflt;slant=0.25;slant=0.25;"
(fontspec)             - 'slanted small caps'  (m/scsl) with NFSS spec.:
(fontspec)             <->"[NewCMMono10-Book.otf]:mode=node;script=latn;languag
e=dflt;slant=0.25;slant=0.25;+smcp;+onum;"
(fontspec)             and font adjustment code:
(fontspec)             \fontdimen 2\font =1\fontdimen 2\font \fontdimen 3\font
(fontspec)             =0\fontdimen 3\font \fontdimen 4\font =0\fontdimen
(fontspec)             4\font \fontdimen 7\font =0\fontdimen 2\font
(fontspec)             \tex_hyphenchar:D \font =-1\scan_stop: 
(fontspec)             - 'bold italic' (b/it) with NFSS spec.:
(fontspec)             <->"[NewCMMono10-BoldOblique.otf]:mode=node;script=latn;
language=dflt;"
(fontspec)             - 'bold italic small caps'  (b/scit) with NFSS spec.:
(fontspec)             <->"[NewCMMono10-BoldOblique.otf]:mode=node;script=latn;
language=dflt;+smcp;+onum;"
(fontspec)             and font adjustment code:
(fontspec)             \fontdimen 2\font =1\fontdimen 2\font \fontdimen 3\font
(fontspec)             =0\fontdimen 3\font \fontdimen 4\font =0\fontdimen
(fontspec)             4\font \fontdimen 7\font =0\fontdimen 2\font
(fontspec)             \tex_hyphenchar:D \font =-1\scan_stop: 
(fontspec)             - 'bold slanted' (b/sl) with NFSS spec.:
(fontspec)             <->"[NewCMMono10-Bold.otf]:mode=node;script=latn;languag
e=dflt;slant=0.25;slant=0.25;"
(fontspec)             - 'bold slanted small caps'  (b/scsl) with NFSS spec.:
(fontspec)             <->"[NewCMMono10-Bold.otf]:mode=node;script=latn;languag
e=dflt;slant=0.25;slant=0.25;+smcp;+onum;"
(fontspec)             and font adjustment code:
(fontspec)             \fontdimen 2\font =1\fontdimen 2\font \fontdimen 3\font
(fontspec)             =0\fontdimen 3\font \fontdimen 4\font =0\fontdimen
(fontspec)             4\font \fontdimen 7\font =0\fontdimen 2\font
(fontspec)             \tex_hyphenchar:D \font =-1\scan_stop: 


Package fontspec Info: 
(fontspec)             Font family 'NewCMMono10-Book.otf(1)' created for font
(fontspec)             'NewCMMono10-Book.otf' with options [Extension =
(fontspec)             .otf,UprightFont = NewCMMono10-Book,BoldFont =
(fontspec)             NewCMMono10-Bold,ItalicFont =
(fontspec)             NewCMMono10-BookItalic,BoldItalicFont =
(fontspec)             NewCMMono10-BoldOblique,SlantedFont =
(fontspec)             NewCMMono10-Book,BoldSlantedFont =
(fontspec)             NewCMMono10-Bold,SlantedFeatures = { FakeSlant = 0.25
(fontspec)             },BoldSlantedFeatures = { FakeSlant = 0.25
(fontspec)             },SmallCapsFeatures={Numbers=OldStyle},Renderer=Basic,It
alicFont=NewCMMono10-BookItalic.otf,BoldFont=NewCMMono10-Bold.otf,BoldItalicFon
t=NewCMMono10-BoldOblique.otf,SlantedFont=NewCMMono10-Book.otf,SlantedFeatures=
{FakeSlant=0.25},BoldSlantedFont=NewCMMono10-Bold.otf,BoldSlantedFeatures={Fake
Slant=0.25},SmallCapsFeatures={Numbers=OldStyle}].
(fontspec)              
(fontspec)              This font family consists of the following NFSS
(fontspec)             series/shapes:
(fontspec)              
(fontspec)             - 'normal' (m/n) with NFSS spec.:
(fontspec)             <->"[NewCMMono10-Book.otf]:mode=base;script=latn;languag
e=dflt;"
(fontspec)             - 'small caps'  (m/sc) with NFSS spec.:
(fontspec)             <->"[NewCMMono10-Book.otf]:mode=base;script=latn;languag
e=dflt;+smcp;+onum;"
(fontspec)             - 'bold' (b/n) with NFSS spec.:
(fontspec)             <->"[NewCMMono10-Bold.otf]:mode=base;script=latn;languag
e=dflt;"
(fontspec)             - 'bold small caps'  (b/sc) with NFSS spec.:
(fontspec)             <->"[NewCMMono10-Bold.otf]:mode=base;script=latn;languag
e=dflt;+smcp;+onum;"
(fontspec)             - 'italic' (m/it) with NFSS spec.:
(fontspec)             <->"[NewCMMono10-BookItalic.otf]:mode=base;script=latn;l
anguage=dflt;"
(fontspec)             - 'italic small caps'  (m/scit) with NFSS spec.:
(fontspec)             <->"[NewCMMono10-BookItalic.otf]:mode=base;script=latn;l
anguage=dflt;+smcp;+onum;"
(fontspec)             - 'slanted' (m/sl) with NFSS spec.:
(fontspec)             <->"[NewCMMono10-Book.otf]:mode=base;script=latn;languag
e=dflt;slant=0.25;slant=0.25;"
(fontspec)             - 'slanted small caps'  (m/scsl) with NFSS spec.:
(fontspec)             <->"[NewCMMono10-Book.otf]:mode=base;script=latn;languag
e=dflt;slant=0.25;slant=0.25;+smcp;+onum;"
(fontspec)             - 'bold italic' (b/it) with NFSS spec.:
(fontspec)             <->"[NewCMMono10-BoldOblique.otf]:mode=base;script=latn;
language=dflt;"
(fontspec)             - 'bold italic small caps'  (b/scit) with NFSS spec.:
(fontspec)             <->"[NewCMMono10-BoldOblique.otf]:mode=base;script=latn;
language=dflt;+smcp;+onum;"
(fontspec)             - 'bold slanted' (b/sl) with NFSS spec.:
(fontspec)             <->"[NewCMMono10-Bold.otf]:mode=base;script=latn;languag
e=dflt;slant=0.25;slant=0.25;"
(fontspec)             - 'bold slanted small caps'  (b/scsl) with NFSS spec.:
(fontspec)             <->"[NewCMMono10-Bold.otf]:mode=base;script=latn;languag
e=dflt;slant=0.25;slant=0.25;+smcp;+onum;"

LaTeX Font Info:    Overwriting math alphabet `\mathtt' in version `normal'
(Font)                  OT1/cmtt/m/n --> TU/NewCMMono10-Book.otf(1)/m/n on inpu
t line 71.
LaTeX Font Info:    Overwriting math alphabet `\mathtt' in version `bold'
(Font)                  OT1/cmtt/m/n --> TU/NewCMMono10-Book.otf(1)/b/n on inpu
t line 71.

Package fontspec Info: 
(fontspec)             Font family 'NewCMUncial10-Book.otf(0)' created for
(fontspec)             font 'NewCMUncial10-Book.otf' with options
(fontspec)             [SizeFeatures={{Size=-8, Font=NewCMUncial08-Book.otf,
(fontspec)             BoldFont=NewCMUncial10-Bold.otf,SlantedFont=NewCMUncial0
8-Book.otf,BoldSlantedFont=NewCMUncial10-Bold.otf,},
(fontspec)             {Size=8, Font=NewCMUncial08-Book.otf,
(fontspec)             BoldFont=NewCMUncial08-Bold.otf,SlantedFont=NewCMUncial0
8-Book.otf,BoldSlantedFont=NewCMUncial10-Bold.otf,},
(fontspec)             {Size= 9-, Font = NewCMUncial10-Book.otf,
(fontspec)             BoldFont=NewCMUncial10-Bold.otf,SlantedFont=NewCMUncial1
0-Book.otf,BoldSlantedFont=NewCMUncial10-Bold.otf,}},BoldSlantedFont=NewCMUncia
l10-Bold.otf,SlantedFont=NewCMUncial10-Book.otf,BoldFont=NewCMUncial10-Bold.otf
,SlantedFeatures={FakeSlant=0.25},BoldSlantedFeatures={FakeSlant=0.25}].
(fontspec)              
(fontspec)              This font family consists of the following NFSS
(fontspec)             series/shapes:
(fontspec)              
(fontspec)             - 'normal' (m/n) with NFSS spec.:
(fontspec)             <-8>"[NewCMUncial08-Book.otf]:mode=node;script=latn;lang
uage=dflt;"<8>"[NewCMUncial08-Book.otf]:mode=node;script=latn;language=dflt;"<9
->"[NewCMUncial10-Book.otf]:mode=node;script=latn;language=dflt;"
(fontspec)             - 'bold' (b/n) with NFSS spec.:
(fontspec)             <->"[NewCMUncial10-Bold.otf]:mode=node;script=latn;langu
age=dflt;"
(fontspec)             - 'slanted' (m/sl) with NFSS spec.:
(fontspec)             <->"[NewCMUncial10-Book.otf]:mode=node;script=latn;langu
age=dflt;slant=0.25;"
(fontspec)             - 'bold slanted' (b/sl) with NFSS spec.:
(fontspec)             <->"[NewCMUncial10-Bold.otf]:mode=node;script=latn;langu
age=dflt;slant=0.25;"


Package fontspec Info: 
(fontspec)             Font family 'NewCMMath-Book.otf(0)' created for font
(fontspec)             'NewCMMath-Book.otf' with options
(fontspec)             [Renderer=Basic,BoldItalicFont={},ItalicFont={},SmallCap
sFont={},Script=Math,RawFeature={mathfontdimen=xetex}].
(fontspec)              
(fontspec)              This font family consists of the following NFSS
(fontspec)             series/shapes:
(fontspec)              
(fontspec)             - 'normal' (m/n) with NFSS spec.:
(fontspec)             <->"[NewCMMath-Book.otf]:mode=base;script=math;language=
dflt;mathfontdimen=xetex;"


Package fontspec Info: 
(fontspec)             Font family 'NewCMMath-Book.otf(1)' created for font
(fontspec)             'NewCMMath-Book.otf' with options
(fontspec)             [Renderer=Basic,BoldItalicFont={},ItalicFont={},SmallCap
sFont={},Script=Math,SizeFeatures={{Size=8.5-},{Size=6-8.5,Font=NewCMMath-Book.
otf,Style=MathScript},{Size=-6,Font=NewCMMath-Book.otf,Style=MathScriptScript}}
,RawFeature={mathfontdimen=xetex}].
(fontspec)              
(fontspec)              This font family consists of the following NFSS
(fontspec)             series/shapes:
(fontspec)              
(fontspec)             - 'normal' (m/n) with NFSS spec.:
(fontspec)             <8.5->"[NewCMMath-Book.otf]:mode=base;script=math;langua
ge=dflt;mathfontdimen=xetex;"<6-8.5>"[NewCMMath-Book.otf]:mode=base;script=math
;language=dflt;mathfontdimen=xetex;+ssty=0;"<-6>"[NewCMMath-Book.otf]:mode=base
;script=math;language=dflt;mathfontdimen=xetex;+ssty=1;"

LaTeX Font Info:    Encoding `OT1' has changed to `TU' for symbol font
(Font)              `operators' in the math version `normal' on input line 97.
LaTeX Font Info:    Overwriting symbol font `operators' in version `normal'
(Font)                  OT1/cmr/m/n --> TU/NewCMMath-Book.otf(1)/m/n on input l
ine 97.
LaTeX Font Info:    Encoding `OT1' has changed to `TU' for symbol font
(Font)              `operators' in the math version `bold' on input line 97.
LaTeX Font Info:    Overwriting symbol font `operators' in version `bold'
(Font)                  OT1/cmr/bx/n --> TU/NewCMMath-Book.otf(1)/b/n on input 
line 97.

Package fontspec Info: 
(fontspec)             Font family 'NewCMMath-Book.otf(2)' created for font
(fontspec)             'NewCMMath-Book.otf' with options
(fontspec)             [Renderer=Basic,BoldItalicFont={},ItalicFont={},SmallCap
sFont={},Script=Math,SizeFeatures={{Size=8.5-},{Size=6-8.5,Font=NewCMMath-Book.
otf,Style=MathScript},{Size=-6,Font=NewCMMath-Book.otf,Style=MathScriptScript}}
,RawFeature={mathfontdimen=xetex},RawFeature={mathfontdimen=tex2}].
(fontspec)              
(fontspec)              This font family consists of the following NFSS
(fontspec)             series/shapes:
(fontspec)              
(fontspec)             - 'normal' (m/n) with NFSS spec.:
(fontspec)             <8.5->"[NewCMMath-Book.otf]:mode=base;script=math;langua
ge=dflt;mathfontdimen=xetex;mathfontdimen=tex2;"<6-8.5>"[NewCMMath-Book.otf]:mo
de=base;script=math;language=dflt;mathfontdimen=xetex;mathfontdimen=tex2;+ssty=
0;"<-6>"[NewCMMath-Book.otf]:mode=base;script=math;language=dflt;mathfontdimen=
xetex;mathfontdimen=tex2;+ssty=1;"

LaTeX Font Info:    Encoding `OMS' has changed to `TU' for symbol font
(Font)              `symbols' in the math version `normal' on input line 97.
LaTeX Font Info:    Overwriting symbol font `symbols' in version `normal'
(Font)                  OMS/cmsy/m/n --> TU/NewCMMath-Book.otf(2)/m/n on input 
line 97.
LaTeX Font Info:    Encoding `OMS' has changed to `TU' for symbol font
(Font)              `symbols' in the math version `bold' on input line 97.
LaTeX Font Info:    Overwriting symbol font `symbols' in version `bold'
(Font)                  OMS/cmsy/b/n --> TU/NewCMMath-Book.otf(2)/b/n on input 
line 97.

Package fontspec Info: 
(fontspec)             Font family 'NewCMMath-Book.otf(3)' created for font
(fontspec)             'NewCMMath-Book.otf' with options
(fontspec)             [Renderer=Basic,BoldItalicFont={},ItalicFont={},SmallCap
sFont={},Script=Math,SizeFeatures={{Size=8.5-},{Size=6-8.5,Font=NewCMMath-Book.
otf,Style=MathScript},{Size=-6,Font=NewCMMath-Book.otf,Style=MathScriptScript}}
,RawFeature={mathfontdimen=xetex},RawFeature={mathfontdimen=tex3}].
(fontspec)              
(fontspec)              This font family consists of the following NFSS
(fontspec)             series/shapes:
(fontspec)              
(fontspec)             - 'normal' (m/n) with NFSS spec.:
(fontspec)             <8.5->"[NewCMMath-Book.otf]:mode=base;script=math;langua
ge=dflt;mathfontdimen=xetex;mathfontdimen=tex3;"<6-8.5>"[NewCMMath-Book.otf]:mo
de=base;script=math;language=dflt;mathfontdimen=xetex;mathfontdimen=tex3;+ssty=
0;"<-6>"[NewCMMath-Book.otf]:mode=base;script=math;language=dflt;mathfontdimen=
xetex;mathfontdimen=tex3;+ssty=1;"

LaTeX Font Info:    Encoding `OMX' has changed to `TU' for symbol font
(Font)              `largesymbols' in the math version `normal' on input line 9
7.
LaTeX Font Info:    Overwriting symbol font `largesymbols' in version `normal'
(Font)                  OMX/cmex/m/n --> TU/NewCMMath-Book.otf(3)/m/n on input 
line 97.
LaTeX Font Info:    Encoding `OMX' has changed to `TU' for symbol font
(Font)              `largesymbols' in the math version `bold' on input line 97.

LaTeX Font Info:    Overwriting symbol font `largesymbols' in version `bold'
(Font)                  OMX/cmex/m/n --> TU/NewCMMath-Book.otf(3)/b/n on input 
line 97.
LaTeX Font Info:    Redeclaring math version `bold' on input line 97.

Package fontspec Info: 
(fontspec)             Font family 'NewCMMath-Bold.otf(0)' created for font
(fontspec)             'NewCMMath-Bold.otf' with options
(fontspec)             [Renderer=Basic,BoldItalicFont={},ItalicFont={},SmallCap
sFont={},Script=Math,RawFeature={mathfontdimen=xetex}].
(fontspec)              
(fontspec)              This font family consists of the following NFSS
(fontspec)             series/shapes:
(fontspec)              
(fontspec)             - 'normal' (m/n) with NFSS spec.:
(fontspec)             <->"[NewCMMath-Bold.otf]:mode=base;script=math;language=
dflt;mathfontdimen=xetex;"


Package fontspec Info: 
(fontspec)             Font family 'NewCMMath-Bold.otf(1)' created for font
(fontspec)             'NewCMMath-Bold.otf' with options
(fontspec)             [Renderer=Basic,BoldItalicFont={},ItalicFont={},SmallCap
sFont={},Script=Math,SizeFeatures={{Size=8.5-},{Size=6-8.5,Font=NewCMMath-Bold.
otf,Style=MathScript},{Size=-6,Font=NewCMMath-Bold.otf,Style=MathScriptScript}}
,RawFeature={mathfontdimen=xetex}].
(fontspec)              
(fontspec)              This font family consists of the following NFSS
(fontspec)             series/shapes:
(fontspec)              
(fontspec)             - 'normal' (m/n) with NFSS spec.:
(fontspec)             <8.5->"[NewCMMath-Bold.otf]:mode=base;script=math;langua
ge=dflt;mathfontdimen=xetex;"<6-8.5>"[NewCMMath-Bold.otf]:mode=base;script=math
;language=dflt;mathfontdimen=xetex;+ssty=0;"<-6>"[NewCMMath-Bold.otf]:mode=base
;script=math;language=dflt;mathfontdimen=xetex;+ssty=1;"

LaTeX Font Info:    Encoding `OT1' has changed to `TU' for symbol font
(Font)              `operators' in the math version `bold' on input line 97.
LaTeX Font Info:    Overwriting symbol font `operators' in version `bold'
(Font)                  OT1/cmr/m/n --> TU/NewCMMath-Bold.otf(1)/m/n on input l
ine 97.

Package fontspec Info: 
(fontspec)             Font family 'NewCMMath-Bold.otf(2)' created for font
(fontspec)             'NewCMMath-Bold.otf' with options
(fontspec)             [Renderer=Basic,BoldItalicFont={},ItalicFont={},SmallCap
sFont={},Script=Math,SizeFeatures={{Size=8.5-},{Size=6-8.5,Font=NewCMMath-Bold.
otf,Style=MathScript},{Size=-6,Font=NewCMMath-Bold.otf,Style=MathScriptScript}}
,RawFeature={mathfontdimen=xetex},RawFeature={mathfontdimen=tex2}].
(fontspec)              
(fontspec)              This font family consists of the following NFSS
(fontspec)             series/shapes:
(fontspec)              
(fontspec)             - 'normal' (m/n) with NFSS spec.:
(fontspec)             <8.5->"[NewCMMath-Bold.otf]:mode=base;script=math;langua
ge=dflt;mathfontdimen=xetex;mathfontdimen=tex2;"<6-8.5>"[NewCMMath-Bold.otf]:mo
de=base;script=math;language=dflt;mathfontdimen=xetex;mathfontdimen=tex2;+ssty=
0;"<-6>"[NewCMMath-Bold.otf]:mode=base;script=math;language=dflt;mathfontdimen=
xetex;mathfontdimen=tex2;+ssty=1;"

LaTeX Font Info:    Encoding `OMS' has changed to `TU' for symbol font
(Font)              `symbols' in the math version `bold' on input line 97.
LaTeX Font Info:    Overwriting symbol font `symbols' in version `bold'
(Font)                  OMS/cmsy/m/n --> TU/NewCMMath-Bold.otf(2)/m/n on input 
line 97.

Package fontspec Info: 
(fontspec)             Font family 'NewCMMath-Bold.otf(3)' created for font
(fontspec)             'NewCMMath-Bold.otf' with options
(fontspec)             [Renderer=Basic,BoldItalicFont={},ItalicFont={},SmallCap
sFont={},Script=Math,SizeFeatures={{Size=8.5-},{Size=6-8.5,Font=NewCMMath-Bold.
otf,Style=MathScript},{Size=-6,Font=NewCMMath-Bold.otf,Style=MathScriptScript}}
,RawFeature={mathfontdimen=xetex},RawFeature={mathfontdimen=tex3}].
(fontspec)              
(fontspec)              This font family consists of the following NFSS
(fontspec)             series/shapes:
(fontspec)              
(fontspec)             - 'normal' (m/n) with NFSS spec.:
(fontspec)             <8.5->"[NewCMMath-Bold.otf]:mode=base;script=math;langua
ge=dflt;mathfontdimen=xetex;mathfontdimen=tex3;"<6-8.5>"[NewCMMath-Bold.otf]:mo
de=base;script=math;language=dflt;mathfontdimen=xetex;mathfontdimen=tex3;+ssty=
0;"<-6>"[NewCMMath-Bold.otf]:mode=base;script=math;language=dflt;mathfontdimen=
xetex;mathfontdimen=tex3;+ssty=1;"

LaTeX Font Info:    Encoding `OMX' has changed to `TU' for symbol font
(Font)              `largesymbols' in the math version `bold' on input line 97.

LaTeX Font Info:    Overwriting symbol font `largesymbols' in version `bold'
(Font)                  OMX/cmex/m/n --> TU/NewCMMath-Bold.otf(3)/m/n on input 
line 97.

Package fontspec Info: 
(fontspec)             Font family 'NewCMMath-Book.otf(4)' created for font
(fontspec)             'NewCMMath-Book.otf' with options
(fontspec)             [Renderer=Basic,BoldItalicFont={},ItalicFont={},SmallCap
sFont={},Script=Math,SizeFeatures={{Size=8.5-},{Size=6-8.5,Font=NewCMMath-Book.
otf,Style=MathScript},{Size=-6,Font=NewCMMath-Book.otf,Style=MathScriptScript}}
,RawFeature={mathfontdimen=xetex},StylisticSet={1}].
(fontspec)              
(fontspec)              This font family consists of the following NFSS
(fontspec)             series/shapes:
(fontspec)              
(fontspec)             - 'normal' (m/n) with NFSS spec.:
(fontspec)             <8.5->"[NewCMMath-Book.otf]:mode=base;script=math;langua
ge=dflt;mathfontdimen=xetex;+ss01;"<6-8.5>"[NewCMMath-Book.otf]:mode=base;scrip
t=math;language=dflt;mathfontdimen=xetex;+ss01;+ssty=0;"<-6>"[NewCMMath-Book.ot
f]:mode=base;script=math;language=dflt;mathfontdimen=xetex;+ss01;+ssty=1;"

\sym__um_fam1=\mathgroup4
LaTeX Font Info:    Overwriting symbol font `__um_fam1' in version `normal'
(Font)                  TU/NewCMMath-Book.otf(4)/m/n --> TU/NewCMMath-Book.otf(
4)/m/n on input line 99.
LaTeX Font Info:    Overwriting symbol font `__um_fam1' in version `bold'
(Font)                  TU/NewCMMath-Book.otf(4)/m/n --> TU/NewCMMath-Book.otf(
4)/b/n on input line 99.
)
LaTeX Font Info:    Overwriting symbol font `operators' in version `normal'
(Font)                  TU/NewCMMath-Book.otf(1)/m/n --> TU/NewCMMath-Book.otf(
1)/m/n on input line 209.
LaTeX Font Info:    Overwriting symbol font `operators' in version `bold'
(Font)                  TU/NewCMMath-Bold.otf(1)/m/n --> TU/NewCMMath-Book.otf(
1)/b/n on input line 209.
LaTeX Font Info:    Overwriting symbol font `symbols' in version `normal'
(Font)                  TU/NewCMMath-Book.otf(2)/m/n --> TU/NewCMMath-Book.otf(
2)/m/n on input line 209.
LaTeX Font Info:    Overwriting symbol font `symbols' in version `bold'
(Font)                  TU/NewCMMath-Bold.otf(2)/m/n --> TU/NewCMMath-Book.otf(
2)/b/n on input line 209.
LaTeX Font Info:    Overwriting symbol font `largesymbols' in version `normal'
(Font)                  TU/NewCMMath-Book.otf(3)/m/n --> TU/NewCMMath-Book.otf(
3)/m/n on input line 209.
LaTeX Font Info:    Overwriting symbol font `largesymbols' in version `bold'
(Font)                  TU/NewCMMath-Bold.otf(3)/m/n --> TU/NewCMMath-Book.otf(
3)/b/n on input line 209.
LaTeX Font Info:    Redeclaring math version `bold' on input line 209.
LaTeX Font Info:    Encoding `OT1' has changed to `TU' for symbol font
(Font)              `operators' in the math version `bold' on input line 209.
LaTeX Font Info:    Overwriting symbol font `operators' in version `bold'
(Font)                  OT1/cmr/m/n --> TU/NewCMMath-Bold.otf(1)/m/n on input l
ine 209.
LaTeX Font Info:    Encoding `OMS' has changed to `TU' for symbol font
(Font)              `symbols' in the math version `bold' on input line 209.
LaTeX Font Info:    Overwriting symbol font `symbols' in version `bold'
(Font)                  OMS/cmsy/m/n --> TU/NewCMMath-Bold.otf(2)/m/n on input 
line 209.
LaTeX Font Info:    Encoding `OMX' has changed to `TU' for symbol font
(Font)              `largesymbols' in the math version `bold' on input line 209
.
LaTeX Font Info:    Overwriting symbol font `largesymbols' in version `bold'
(Font)                  OMX/cmex/m/n --> TU/NewCMMath-Bold.otf(3)/m/n on input 
line 209.
\sym__um_fam2=\mathgroup5
LaTeX Font Info:    Overwriting symbol font `__um_fam2' in version `normal'
(Font)                  TU/NewCMMath-Book.otf(4)/m/n --> TU/NewCMMath-Book.otf(
4)/m/n on input line 209.
LaTeX Font Info:    Overwriting symbol font `__um_fam2' in version `bold'
(Font)                  TU/NewCMMath-Book.otf(4)/m/n --> TU/NewCMMath-Book.otf(
4)/b/n on input line 209.
) (c:/texlive/2025/texmf-dist/tex/latex/fontsize/fontsize.sty
Package: fontsize 2024/12/04 v0.9 'fontsize' package. Set main font sizes (Ivan
 Valbusa)

(c:/texlive/2025/texmf-dist/tex/latex/xkeyval/xkeyval.sty
Package: xkeyval 2022/06/16 v2.9 package option processing (HA)

(c:/texlive/2025/texmf-dist/tex/generic/xkeyval/xkeyval.tex
(c:/texlive/2025/texmf-dist/tex/generic/xkeyval/xkvutils.tex
\XKV@toks=\toks23
\XKV@tempa@toks=\toks24

(c:/texlive/2025/texmf-dist/tex/generic/xkeyval/keyval.tex))
\XKV@depth=\count309
File: xkeyval.tex 2014/12/03 v2.7a key=value parser (HA)
)))
(c:/texlive/2025/texmf-dist/tex/generic/babel/babel.sty
Package: babel 2025/08/03 v25.12 The multilingual framework for LuaLaTeX, pdfLa
TeX and XeLaTeX

(c:/texlive/2025/texmf-dist/tex/generic/babel/luababel.def
\bbl@readstream=\read2
\l@dumylang=\language2
Package babel Info: Non-standard hyphenation setup on input line 118.
\l@nohyphenation=\language3
\l@german-x-2024-02-28=\language4
\l@ngerman-x-2024-02-28=\language5
\l@afrikaans=\language6
\l@albanian=\language7
\l@ancientgreek=\language8
\l@ibycus=\language9
\l@arabic=\language10
\l@armenian=\language11
\l@basque=\language12
\l@belarusian=\language13
\l@bulgarian=\language14
\l@catalan=\language15
\l@pinyin=\language16
\l@churchslavonic=\language17
\l@coptic=\language18
\l@croatian=\language19
\l@czech=\language20
\l@danish=\language21
\l@dutch=\language22
\l@ukenglish=\language23
\l@usenglishmax=\language24
\l@esperanto=\language25
\l@estonian=\language26
\l@ethiopic=\language27
\l@farsi=\language28
\l@finnish=\language29
\l@schoolfinnish=\language30
\l@french=\language31
\l@friulan=\language32
\l@galician=\language33
\l@georgian=\language34
\l@german=\language35
\l@ngerman=\language36
\l@swissgerman=\language37
\l@greek=\language38
\l@monogreek=\language39
\l@hebrew=\language40
\l@hungarian=\language41
\l@icelandic=\language42
\l@assamese=\language43
\l@bengali=\language44
\l@gujarati=\language45
\l@hindi=\language46
\l@kannada=\language47
\l@malayalam=\language48
\l@marathi=\language49
\l@oriya=\language50
\l@pali=\language51
\l@panjabi=\language52
\l@tamil=\language53
\l@telugu=\language54
\l@indonesian=\language55
\l@interlingua=\language56
\l@irish=\language57
\l@italian=\language58
\l@kurmanji=\language59
\l@classiclatin=\language60
\l@latin=\language61
\l@liturgicallatin=\language62
\l@latvian=\language63
\l@lithuanian=\language64
\l@macedonian=\language65
\l@mongolian=\language66
\l@mongolianlmc=\language67
\l@bokmal=\language68
\l@nynorsk=\language69
\l@occitan=\language70
\l@piedmontese=\language71
\l@polish=\language72
\l@portuguese=\language73
\l@romanian=\language74
\l@romansh=\language75
\l@russian=\language76
\l@sanskrit=\language77
\l@serbian=\language78
\l@serbianc=\language79
\l@slovak=\language80
\l@slovenian=\language81
\l@spanish=\language82
\l@swedish=\language83
\l@thai=\language84
\l@turkish=\language85
\l@turkmen=\language86
\l@ukrainian=\language87
\l@uppersorbian=\language88
\l@vietnamese=\language89
\l@welsh=\language90
\babelcatcodetablenum=\catcodetable14
\bbl@pattcodes=\catcodetable15
)
\babel@savecnt=\count310
LaTeX Encoding Info:    Redeclaring text command \ij (encoding OT1) on input li
ne 2045.
LaTeX Encoding Info:    Redeclaring text command \IJ (encoding OT1) on input li
ne 2047.
LaTeX Encoding Info:    Redeclaring text command \ij (encoding T1) on input lin
e 2049.
LaTeX Encoding Info:    Redeclaring text command \IJ (encoding T1) on input lin
e 2050.
LaTeX Encoding Info:    Ignoring declaration for text command \ij (encoding ?) 
on input line 2051.
LaTeX Encoding Info:    Ignoring declaration for text command \IJ (encoding ?) 
on input line 2053.
LaTeX Encoding Info:    Ignoring declaration for text command \SS (encoding ?) 
on input line 2078.
\U@D=\dimen160
\l@unhyphenated=\language91

(c:/texlive/2025/texmf-dist/tex/generic/babel/luababel.def
\bbl@attr@locale=\attribute4
)
(c:/texlive/2025/texmf-dist/tex/generic/babel-ukrainian/ukraineb.ldf
File: ukraineb.ldf 2020/10/14 1.4e Ukrainian support for the Babel system

(c:/texlive/2025/texmf-dist/tex/generic/babel/locale/uk/babel-ukrainian.tex
Package babel Info: Importing font and identification data for ukrainian
(babel)             from babel-uk.ini. Reported on input line 12.
)
Package babel Info: Making " an active character on input line 97.
Package babel Info: Default for \cyrdash is provided on input line 142.
Package ukrainian.ldf Info: Executing the 3.9 or latter on input line 148.
Package ukrainian.ldf Info: Executing the post 3.9 branch for dates on input li
ne 226.

(c:/texlive/2025/texmf-dist/tex/generic/hyph-utf8/loadhyph/loadhyph-uk.tex
UTF-8 Ukrainian hyphenation patterns
(c:/texlive/2025/texmf-dist/tex/generic/hyph-utf8/patterns/tex/hyph-uk.tex)
(c:/texlive/2025/texmf-dist/tex/generic/hyph-utf8/patterns/quote/hyph-quote-uk.
tex)))) (c:/texlive/2025/texmf-dist/tex/latex/microtype/microtype.sty
Package: microtype 2025/07/09 v3.2b Micro-typographical refinements (RS)
\MT@toks=\toks25
\MT@tempbox=\box55
\MT@count=\count311
LaTeX Info: Redefining \noprotrusionifhmode on input line 1087.
LaTeX Info: Redefining \leftprotrusion on input line 1088.
\MT@prot@toks=\toks26
LaTeX Info: Redefining \rightprotrusion on input line 1107.
LaTeX Info: Redefining \textls on input line 1449.
\MT@outer@kern=\dimen161
LaTeX Info: Redefining \microtypecontext on input line 2053.
LaTeX Info: Redefining \textmicrotypecontext on input line 2070.
\MT@listname@count=\count312

(c:/texlive/2025/texmf-dist/tex/latex/microtype/microtype-luatex.def
File: microtype-luatex.def 2025/07/09 v3.2b Definitions specific to luatex (RS)

Lua module: microtype 2025/07/09 v3.2b microtype module.
Module microtype Info: overwriting function `keepligature' on input line 63
LaTeX Info: Redefining \lsstyle on input line 779.
LaTeX Info: Redefining \lslig on input line 779.
\MT@outer@space=\skip54
)
Package microtype Info: Loading configuration file microtype.cfg.

(c:/texlive/2025/texmf-dist/tex/latex/microtype/microtype.cfg
File: microtype.cfg 2025/07/09 v3.2b microtype main configuration file (RS)
)
LaTeX Info: Redefining \microtypesetup on input line 3065.
)
(c:/texlive/2025/texmf-dist/tex/latex/tools/indentfirst.sty
Package: indentfirst 2023/07/02 v1.03 Indent first paragraph (DPC)
)
(c:/texlive/2025/texmf-dist/tex/latex/tabularray/tabularray.sty
Package: tabularray 2025-08-29 v2025B Typeset tabulars and arrays with LaTeX3
\l__tblr_a_int=\count313
\l__tblr_c_int=\count314
\l__tblr_r_int=\count315
\l__tblr_d_dim=\dimen162
\l__tblr_h_dim=\dimen163
\l__tblr_o_dim=\dimen164
\l__tblr_p_dim=\dimen165
\l__tblr_q_dim=\dimen166
\l__tblr_r_dim=\dimen167
\l__tblr_s_dim=\dimen168
\l__tblr_t_dim=\dimen169
\l__tblr_v_dim=\dimen170
\l__tblr_w_dim=\dimen171
\l__tblr_a_box=\box56
\l__tblr_b_box=\box57
\l__tblr_c_box=\box58
\l__tblr_d_box=\box59
\c@tblrcount=\count316
\c@rownum=\count317
\c@colnum=\count318
\c@rowcount=\count319
\c@colcount=\count320
\abovesep=\dimen172
\belowsep=\dimen173
\leftsep=\dimen174
\rightsep=\dimen175
\gTblrLevelInt=\count321
\g__tblr_data_row_key_count_int=\count322
\g__tblr_data_column_key_count_int=\count323
\g__tblr_data_cell_key_count_int=\count324
\g__tblr_array_int=\count325
\l__tblr_key_count_int=\count326
\l__tblr_key_quotient_int=\count327
\l__tblr_key_quotient_two_int=\count328
\l__tblr_key_remainder_int=\count329
\g__tblr_data_str_value_count_int=\count330
\lTblrChildTotalInt=\count331
\lTblrChildHtotalInt=\count332
\lTblrChildVtotalInt=\count333
\l__child_diff_h_int=\count334
\l__child_diff_v_int=\count335
\l__child_sign_h_int=\count336
\l__child_sign_v_int=\count337
\l__child_step_int=\count338
\lTblrDefaultHruleWidthDim=\dimen176
\lTblrDefaultVruleWidthDim=\dimen177
\l__tblr_split_balance_int=\count339
\l__tblr_strut_dp_dim=\dimen178
\l__tblr_strut_ht_dim=\dimen179
\g__tblr_cell_wd_dim=\dimen180
\g__tblr_cell_ht_dim=\dimen181
\g__tblr_cell_head_dim=\dimen182
\g__tblr_cell_foot_dim=\dimen183
\l__tblr_measured_cell_box=\box60
\g__tblr_last_box=\box61
\l__tblr_temp_box=\box62
\l__tblr_column_target_dim=\dimen184
\l__tblr_hfuzz_dim=\dimen185
\l__tblr_caption_box=\box63
\l__tblr_caption_left_box=\box64
\lTblrRowHeadInt=\count340
\lTblrRowFootInt=\count341
\l__tblr_row_head_box=\box65
\l__tblr_row_foot_box=\box66
\l__tblr_row_head_foot_dim=\dimen186
\lTblrTableWidthDim=\dimen187
\l__tblr_table_firsthead_box=\box67
\l__tblr_table_middlehead_box=\box68
\l__tblr_table_lasthead_box=\box69
\l__tblr_table_firstfoot_box=\box70
\l__tblr_table_middlefoot_box=\box71
\l__tblr_table_lastfoot_box=\box72
\l__tblr_remain_height_dim=\dimen188
\l__tblr_long_from_int=\count342
\l__tblr_long_to_int=\count343
\l__tblr_curr_i_int=\count344
\l__tblr_prev_i_int=\count345
\lTblrTablePageInt=\count346
\l__tblr_table_head_box=\box73
\l__tblr_table_foot_box=\box74
\l__tblr_table_head_foot_dim=\dimen189
\l__tblr_table_head_body_foot_dim=\dimen190
\l__tblr_table_box=\box75
\lTblrRowFirstInt=\count347
\lTblrRowLastInt=\count348
\l__tblr_table_hlines_box=\box76
\l__tblr_hline_box=\box77
\l__tblr_row_box=\box78
\l__tblr_col_o_wd_dim=\dimen191
\l__tblr_col_b_wd_dim=\dimen192
\l__tblr_hline_leftskip_dim=\dimen193
\l__tblr_hline_rightskip_dim=\dimen194
\l__tblr_row_ht_dim=\dimen195
\l__tblr_row_dp_dim=\dimen196
\l__tblr_row_abovesep_dim=\dimen197
\l__tblr_row_belowsep_dim=\dimen198
\l__tblr_row_vlines_box=\box79
\l__tblr_vline_box=\box80
\l__tblr_cell_box=\box81
\l__tblr_row_upper_dim=\dimen199
\l__tblr_row_lower_dim=\dimen256
\l__tblr_row_vpace_dim=\dimen257
\l__tblr_vline_aboveskip_dim=\dimen258
\l__tblr_vline_belowskip_dim=\dimen259
\lTblrCellRowSpanInt=\count349
\lTblrCellColSpanInt=\count350
\l__tblr_cell_wd_dim=\dimen260
\l__tblr_cell_ht_dim=\dimen261
\lTblrCellAboveBorderWidthDim=\dimen262
\lTblrCellBelowBorderWidthDim=\dimen263
\lTblrCellLeftBorderWidthDim=\dimen264
\lTblrCellRightBorderWidthDim=\dimen265
\l__tblr_diag_box=\box82
\l__tblr_cell_inner_wd_dim=\dimen266
\l__tblr_cell_inner_dp_dim=\dimen267
\l__tblr_cell_hanchor_dim=\dimen268
\l__tblr_last_cell_table_ht_dim=\dimen269
\l__tblr_last_cell_table_dp_dim=\dimen270
\l__tblr_last_vline_wd_dim=\dimen271
\l__tblr_tikz_node_box=\box83
)
(c:/texlive/2025/texmf-dist/tex/latex/xcolor/xcolor.sty
Package: xcolor 2024/09/29 v3.02 LaTeX color extensions (UK)

(c:/texlive/2025/texmf-dist/tex/latex/graphics-cfg/color.cfg
File: color.cfg 2016/01/02 v1.6 sample color configuration
)
Package xcolor Info: Driver file: luatex.def on input line 274.

(c:/texlive/2025/texmf-dist/tex/latex/graphics-def/luatex.def
File: luatex.def 2024/04/13 v1.2e Graphics/color driver for luatex
)
(c:/texlive/2025/texmf-dist/tex/latex/graphics/mathcolor.ltx)
Package xcolor Info: Model `cmy' substituted by `cmy0' on input line 1349.
Package xcolor Info: Model `hsb' substituted by `rgb' on input line 1353.
Package xcolor Info: Model `RGB' extended on input line 1365.
Package xcolor Info: Model `HTML' substituted by `rgb' on input line 1367.
Package xcolor Info: Model `Hsb' substituted by `hsb' on input line 1368.
Package xcolor Info: Model `tHsb' substituted by `hsb' on input line 1369.
Package xcolor Info: Model `HSB' substituted by `hsb' on input line 1370.
Package xcolor Info: Model `Gray' substituted by `gray' on input line 1371.
Package xcolor Info: Model `wave' substituted by `hsb' on input line 1372.
)
(c:/texlive/2025/texmf-dist/tex/latex/ninecolors/ninecolors.sty
Package: ninecolors 2022-02-13 v2022D Select colors with proper color contrast
)
(c:/texlive/2025/texmf-dist/tex/latex/graphics/graphicx.sty
Package: graphicx 2024/12/31 v1.2e Enhanced LaTeX Graphics (DPC,SPQR)

(c:/texlive/2025/texmf-dist/tex/latex/graphics/graphics.sty
Package: graphics 2024/08/06 v1.4g Standard LaTeX Graphics (DPC,SPQR)

(c:/texlive/2025/texmf-dist/tex/latex/graphics/trig.sty
Package: trig 2023/12/02 v1.11 sin cos tan (DPC)
)
(c:/texlive/2025/texmf-dist/tex/latex/graphics-cfg/graphics.cfg
File: graphics.cfg 2016/06/04 v1.11 sample graphics configuration
)
Package graphics Info: Driver file: luatex.def on input line 106.
)
\Gin@req@height=\dimen272
\Gin@req@width=\dimen273
)
(c:/texlive/2025/texmf-dist/tex/latex/wrapstuff/wrapstuff.sty
Package: wrapstuff 2022/08/05 v0.3 Wrapping text around stuff
\g__wstf_hang_ht_dim=\dimen274
\g__wstf_total_ht_dim=\dimen275
\g__wstf_stuff_ht_dim=\dimen276
\g__wstf_stuff_wd_dim=\dimen277
\g__wstf_first_dp_dim=\dimen278
\g__wstf_first_sep_dim=\dimen279
\g__wstf_prevdepth_dim=\dimen280
\g__wstf_column_ht_dim=\dimen281
\g__wstf_window_ht_dim=\dimen282
\g__wstf_remaining_dim=\dimen283
\g__wstf_column_room_dim=\dimen284
\g__wstf_parshape_indent_dim=\dimen285
\g__wstf_parshape_length_dim=\dimen286
\g__wstf_top_int=\count351
\g__wstf_column_int=\count352
\g__wstf_window_int=\count353
\g__wstf_stauts_box=\box84
\g__wstf_status_int=\count354
\c__wstf_none_node=\count355
\g__wstf_stuff_box=\box85
\l__wstf_shift_dim=\dimen287
\l__wstf_width_dim=\dimen288
\l__wstf_height_dim=\dimen289
\c@wrapstuff=\count356
\l__wstf_body_box=\box86
\l__wstf_window_box=\box87
\l__wstf_window_int=\count357
\g__wstf_line_int=\count358
\l__wstf_window_line_int=\count359
\l__wstf_l_dim=\dimen290
\l__wstf_r_dim=\dimen291
\l__wstf_min_dim=\dimen292
\l__wstf_line_dim=\dimen293
\l__wstf_window_dim=\dimen294
\l__wstf_display_dim=\dimen295
\l__wstf_voffset_dim=\dimen296
\l__wstf_leftsep_dim=\dimen297
\l__wstf_rightsep_dim=\dimen298
\l__wstf_main_width_dim=\dimen299
\g__wstf_parshape_int=\count360
\g__wstf_hangafter_int=\count361
\g__wstf_hangindent_dim=\dimen300
\g__wstf_left_skip=\skip55
\g__wstf_right_skip=\skip56
\g__wstf_parfill_skip=\skip57
\g__wstf_baseline_skip=\skip58
\g__wstf_main_left_skip=\skip59
\l__wstf_bottom_box=\box88
\g__wstf_eqbody_box=\box89
\g__wstf_eqnum_box=\box90
\g__wstf_equation_box=\box91
\g__wstf_pos_int=\count362
\g__wstf_pos_skip=\skip60
\l__wstf_save_body_box=\box92
\c__wstf_break_int=\count363
\g__wstf_ht_dim=\dimen301
\l__wstf_l_box=\box93
\l__wstf_r_box=\box94
\l__wstf_last_l_box=\box95
\l__wstf_last_r_box=\box96
\g__wstf_window_box=\box97
\l__wstf_window_ht_dim=\dimen302
\l__wstf_par_skip=\skip61
\g__wstf_pre_skip=\skip62
\c__wstf_ignore_depth_dim=\dimen303
\g__wstf_last_box=\box98
\g__wstf_display_box=\box99
\g__wstf_display_pre_dim=\dimen304
\l__wstf_add_box=\box100
\g__wstf_pos_box=\box101
\l__wstf_last_skip=\skip63
\g__wstf_last_skip=\skip64
\l__wstf_last_int=\count364
\l__wstf_last_box=\box102
\g__wstf_display_pre_int=\count365
\g__wstf_display_pre_skip=\skip65
\l__wstf_top_int=\count366
)
(c:/texlive/2025/texmf-dist/tex/latex/physics/physics.sty
Package: physics 
)
(c:/texlive/2025/texmf-dist/tex/latex/graphics/rotating.sty
Package: rotating 2025/01/14 v2.16e rotated objects in LaTeX

(c:/texlive/2025/texmf-dist/tex/latex/base/ifthen.sty
Package: ifthen 2024/03/16 v1.1e Standard LaTeX ifthen package (DPC)
)
\c@r@tfl@t=\count367
\rotFPtop=\skip66
\rotFPbot=\skip67
\rot@float@box=\box103
\rot@mess@toks=\toks27
)
(c:/texlive/2025/texmf-dist/tex/latex/multirow/multirow.sty
Package: multirow 2024/11/12 v2.9 Span multiple rows of a table
\multirow@colwidth=\skip68
\multirow@cntb=\count368
\multirow@dima=\skip69
\bigstrutjot=\dimen305
)
(c:/texlive/2025/texmf-dist/tex/latex/float/float.sty
Package: float 2001/11/08 v1.3d Float enhancements (AL)
\c@float@type=\count369
\float@exts=\toks28
\float@box=\box104
\@float@everytoks=\toks29
\@floatcapt=\box105
)
(c:/texlive/2025/texmf-dist/tex/latex/hyperref/hyperref.sty
Package: hyperref 2025-07-12 v7.01o Hypertext links for LaTeX

(c:/texlive/2025/texmf-dist/tex/latex/kvsetkeys/kvsetkeys.sty
Package: kvsetkeys 2022-10-05 v1.19 Key value parser (HO)
)
(c:/texlive/2025/texmf-dist/tex/generic/kvdefinekeys/kvdefinekeys.sty
Package: kvdefinekeys 2019-12-19 v1.6 Define keys (HO)
)
(c:/texlive/2025/texmf-dist/tex/generic/pdfescape/pdfescape.sty
Package: pdfescape 2019/12/09 v1.15 Implements pdfTeX's escape features (HO)
)
(c:/texlive/2025/texmf-dist/tex/latex/hycolor/hycolor.sty
Package: hycolor 2020-01-27 v1.10 Color options for hyperref/bookmark (HO)
)
(c:/texlive/2025/texmf-dist/tex/latex/hyperref/nameref.sty
Package: nameref 2025-06-21 v2.57 Cross-referencing by name of section

(c:/texlive/2025/texmf-dist/tex/latex/refcount/refcount.sty
Package: refcount 2019/12/15 v3.6 Data extraction from label references (HO)
)
(c:/texlive/2025/texmf-dist/tex/generic/gettitlestring/gettitlestring.sty
Package: gettitlestring 2019/12/15 v1.6 Cleanup title references (HO)

(c:/texlive/2025/texmf-dist/tex/latex/kvoptions/kvoptions.sty
Package: kvoptions 2022-06-15 v3.15 Key value format for package options (HO)
))
\c@section@level=\count370
)
(c:/texlive/2025/texmf-dist/tex/generic/stringenc/stringenc.sty
Package: stringenc 2019/11/29 v1.12 Convert strings between diff. encodings (HO
)
)
\@linkdim=\dimen306
\Hy@linkcounter=\count371
\Hy@pagecounter=\count372

(c:/texlive/2025/texmf-dist/tex/latex/hyperref/pd1enc.def
File: pd1enc.def 2025-07-12 v7.01o Hyperref: PDFDocEncoding definition (HO)
)
(c:/texlive/2025/texmf-dist/tex/generic/intcalc/intcalc.sty
Package: intcalc 2019/12/15 v1.3 Expandable calculations with integers (HO)
)
\Hy@SavedSpaceFactor=\count373

(c:/texlive/2025/texmf-dist/tex/latex/hyperref/puenc.def
File: puenc.def 2025-07-12 v7.01o Hyperref: PDF Unicode definition (HO)
)
Package hyperref Info: Option `colorlinks' set `true' on input line 4066.
Package hyperref Info: Option `bookmarks' set `true' on input line 4066.
Package hyperref Info: Option `bookmarksnumbered' set `true' on input line 4066
.
Package hyperref Info: Option `unicode' set `true' on input line 4066.
Package hyperref Info: Option `hypertexnames' set `false' on input line 4066.
Package hyperref Info: Option `pdftoolbar' set `false' on input line 4066.
Package hyperref Info: Option `pdfdisplaydoctitle' set `true' on input line 406
6.
Package hyperref Info: Option `unicode' set `true' on input line 4066.
Package hyperref Info: Hyper figures OFF on input line 4195.
Package hyperref Info: Link nesting OFF on input line 4200.
Package hyperref Info: Hyper index ON on input line 4203.
Package hyperref Info: Plain pages OFF on input line 4210.
Package hyperref Info: Backreferencing OFF on input line 4215.
Package hyperref Info: Implicit mode ON; LaTeX internals redefined.
Package hyperref Info: Bookmarks ON on input line 4462.
\c@Hy@tempcnt=\count374

(c:/texlive/2025/texmf-dist/tex/latex/url/url.sty
\Urlmuskip=\muskip19
Package: url 2013/09/16  ver 3.4  Verb mode for urls, etc.
)
LaTeX Info: Redefining \url on input line 4801.
\XeTeXLinkMargin=\dimen307

(c:/texlive/2025/texmf-dist/tex/generic/bitset/bitset.sty
Package: bitset 2019/12/09 v1.3 Handle bit-vector datatype (HO)

(c:/texlive/2025/texmf-dist/tex/generic/bigintcalc/bigintcalc.sty
Package: bigintcalc 2019/12/15 v1.5 Expandable calculations on big integers (HO
)
))
\Fld@menulength=\count375
\Field@Width=\dimen308
\Fld@charsize=\dimen309
Package hyperref Info: Hyper figures OFF on input line 6078.
Package hyperref Info: Link nesting OFF on input line 6083.
Package hyperref Info: Hyper index ON on input line 6086.
Package hyperref Info: backreferencing OFF on input line 6093.
Package hyperref Info: Link coloring ON on input line 6096.
Package hyperref Info: Link coloring with OCG OFF on input line 6103.
Package hyperref Info: PDF/A mode OFF on input line 6108.
\Hy@abspage=\count376
\c@Item=\count377
\c@Hfootnote=\count378
)
Package hyperref Info: Driver (autodetected): hluatex.

(c:/texlive/2025/texmf-dist/tex/latex/hyperref/hluatex.def
File: hluatex.def 2025-07-12 v7.01o Hyperref driver for luaTeX
\Fld@listcount=\count379
\c@bookmark@seq@number=\count380

(c:/texlive/2025/texmf-dist/tex/latex/rerunfilecheck/rerunfilecheck.sty
Package: rerunfilecheck 2025-06-21 v1.11 Rerun checks for auxiliary files (HO)

(c:/texlive/2025/texmf-dist/tex/generic/uniquecounter/uniquecounter.sty
Package: uniquecounter 2019/12/15 v1.4 Provide unlimited unique counter (HO)
)
Package uniquecounter Info: New unique counter `rerunfilecheck' on input line 2
84.
)
\Hy@SectionHShift=\skip70
)
(c:/texlive/2025/texmf-dist/tex/latex/geometry/geometry.sty
Package: geometry 2020/01/02 v5.9 Page Geometry

(c:/texlive/2025/texmf-dist/tex/generic/iftex/ifvtex.sty
Package: ifvtex 2019/10/25 v1.7 ifvtex legacy package. Use iftex instead.
)
\Gm@cnth=\count381
\Gm@cntv=\count382
\c@Gm@tempcnt=\count383
\Gm@bindingoffset=\dimen310
\Gm@wd@mp=\dimen311
\Gm@odd@mp=\dimen312
\Gm@even@mp=\dimen313
\Gm@layoutwidth=\dimen314
\Gm@layoutheight=\dimen315
\Gm@layouthoffset=\dimen316
\Gm@layoutvoffset=\dimen317
\Gm@dimlist=\toks30
)
(c:/texlive/2025/texmf-dist/tex/latex/pgf/frontendlayer/tikz.sty
(c:/texlive/2025/texmf-dist/tex/latex/pgf/basiclayer/pgf.sty
(c:/texlive/2025/texmf-dist/tex/latex/pgf/utilities/pgfrcs.sty
(c:/texlive/2025/texmf-dist/tex/generic/pgf/utilities/pgfutil-common.tex
\pgfutil@everybye=\toks31
\pgfutil@tempdima=\dimen318
\pgfutil@tempdimb=\dimen319
)
(c:/texlive/2025/texmf-dist/tex/generic/pgf/utilities/pgfutil-latex.def
\pgfutil@abb=\box106
)
(c:/texlive/2025/texmf-dist/tex/generic/pgf/utilities/pgfrcs.code.tex
(c:/texlive/2025/texmf-dist/tex/generic/pgf/pgf.revision.tex)
Package: pgfrcs 2025-08-29 v3.1.11a (3.1.11a)
))
Package: pgf 2025-08-29 v3.1.11a (3.1.11a)

(c:/texlive/2025/texmf-dist/tex/latex/pgf/basiclayer/pgfcore.sty
(c:/texlive/2025/texmf-dist/tex/latex/pgf/systemlayer/pgfsys.sty
(c:/texlive/2025/texmf-dist/tex/generic/pgf/systemlayer/pgfsys.code.tex
Package: pgfsys 2025-08-29 v3.1.11a (3.1.11a)

(c:/texlive/2025/texmf-dist/tex/generic/pgf/utilities/pgfkeys.code.tex
\pgfkeys@pathtoks=\toks32
\pgfkeys@temptoks=\toks33

(c:/texlive/2025/texmf-dist/tex/generic/pgf/utilities/pgfkeyslibraryfiltered.co
de.tex
\pgfkeys@tmptoks=\toks34
))
\pgf@x=\dimen320
\pgf@y=\dimen321
\pgf@xa=\dimen322
\pgf@ya=\dimen323
\pgf@xb=\dimen324
\pgf@yb=\dimen325
\pgf@xc=\dimen326
\pgf@yc=\dimen327
\pgf@xd=\dimen328
\pgf@yd=\dimen329
\w@pgf@writea=\write3
\r@pgf@reada=\read3
\c@pgf@counta=\count384
\c@pgf@countb=\count385
\c@pgf@countc=\count386
\c@pgf@countd=\count387
\t@pgf@toka=\toks35
\t@pgf@tokb=\toks36
\t@pgf@tokc=\toks37
\pgf@sys@id@count=\count388
 (c:/texlive/2025/texmf-dist/tex/generic/pgf/systemlayer/pgf.cfg
File: pgf.cfg 2025-08-29 v3.1.11a (3.1.11a)
)
Driver file for pgf: pgfsys-luatex.def

(c:/texlive/2025/texmf-dist/tex/generic/pgf/systemlayer/pgfsys-luatex.def
File: pgfsys-luatex.def 2025-08-29 v3.1.11a (3.1.11a)

(c:/texlive/2025/texmf-dist/tex/generic/pgf/systemlayer/pgfsys-common-pdf.def
File: pgfsys-common-pdf.def 2025-08-29 v3.1.11a (3.1.11a)
)))
(c:/texlive/2025/texmf-dist/tex/generic/pgf/systemlayer/pgfsyssoftpath.code.tex
File: pgfsyssoftpath.code.tex 2025-08-29 v3.1.11a (3.1.11a)
\pgfsyssoftpath@smallbuffer@items=\count389
\pgfsyssoftpath@bigbuffer@items=\count390
)
(c:/texlive/2025/texmf-dist/tex/generic/pgf/systemlayer/pgfsysprotocol.code.tex
File: pgfsysprotocol.code.tex 2025-08-29 v3.1.11a (3.1.11a)
)) (c:/texlive/2025/texmf-dist/tex/generic/pgf/basiclayer/pgfcore.code.tex
Package: pgfcore 2025-08-29 v3.1.11a (3.1.11a)

(c:/texlive/2025/texmf-dist/tex/generic/pgf/math/pgfmath.code.tex
(c:/texlive/2025/texmf-dist/tex/generic/pgf/math/pgfmathutil.code.tex)
(c:/texlive/2025/texmf-dist/tex/generic/pgf/math/pgfmathparser.code.tex
\pgfmath@dimen=\dimen330
\pgfmath@count=\count391
\pgfmath@box=\box107
\pgfmath@toks=\toks38
\pgfmath@stack@operand=\toks39
\pgfmath@stack@operation=\toks40
)
(c:/texlive/2025/texmf-dist/tex/generic/pgf/math/pgfmathfunctions.code.tex)
(c:/texlive/2025/texmf-dist/tex/generic/pgf/math/pgfmathfunctions.basic.code.te
x)
(c:/texlive/2025/texmf-dist/tex/generic/pgf/math/pgfmathfunctions.trigonometric
.code.tex)
(c:/texlive/2025/texmf-dist/tex/generic/pgf/math/pgfmathfunctions.random.code.t
ex)
(c:/texlive/2025/texmf-dist/tex/generic/pgf/math/pgfmathfunctions.comparison.co
de.tex)
(c:/texlive/2025/texmf-dist/tex/generic/pgf/math/pgfmathfunctions.base.code.tex
)
(c:/texlive/2025/texmf-dist/tex/generic/pgf/math/pgfmathfunctions.round.code.te
x)
(c:/texlive/2025/texmf-dist/tex/generic/pgf/math/pgfmathfunctions.misc.code.tex
)
(c:/texlive/2025/texmf-dist/tex/generic/pgf/math/pgfmathfunctions.integerarithm
etics.code.tex)
(c:/texlive/2025/texmf-dist/tex/generic/pgf/math/pgfmathcalc.code.tex)
(c:/texlive/2025/texmf-dist/tex/generic/pgf/math/pgfmathfloat.code.tex
\c@pgfmathroundto@lastzeros=\count392
))
(c:/texlive/2025/texmf-dist/tex/generic/pgf/math/pgfint.code.tex)
(c:/texlive/2025/texmf-dist/tex/generic/pgf/basiclayer/pgfcorepoints.code.tex
File: pgfcorepoints.code.tex 2025-08-29 v3.1.11a (3.1.11a)
\pgf@picminx=\dimen331
\pgf@picmaxx=\dimen332
\pgf@picminy=\dimen333
\pgf@picmaxy=\dimen334
\pgf@pathminx=\dimen335
\pgf@pathmaxx=\dimen336
\pgf@pathminy=\dimen337
\pgf@pathmaxy=\dimen338
\pgf@xx=\dimen339
\pgf@xy=\dimen340
\pgf@yx=\dimen341
\pgf@yy=\dimen342
\pgf@zx=\dimen343
\pgf@zy=\dimen344
)
(c:/texlive/2025/texmf-dist/tex/generic/pgf/basiclayer/pgfcorepathconstruct.cod
e.tex
File: pgfcorepathconstruct.code.tex 2025-08-29 v3.1.11a (3.1.11a)
\pgf@path@lastx=\dimen345
\pgf@path@lasty=\dimen346
)
(c:/texlive/2025/texmf-dist/tex/generic/pgf/basiclayer/pgfcorepathusage.code.te
x
File: pgfcorepathusage.code.tex 2025-08-29 v3.1.11a (3.1.11a)
\pgf@shorten@end@additional=\dimen347
\pgf@shorten@start@additional=\dimen348
)
(c:/texlive/2025/texmf-dist/tex/generic/pgf/basiclayer/pgfcorescopes.code.tex
File: pgfcorescopes.code.tex 2025-08-29 v3.1.11a (3.1.11a)
\pgfpic=\box108
\pgf@hbox=\box109
\pgf@layerbox@main=\box110
\pgf@picture@serial@count=\count393
)
(c:/texlive/2025/texmf-dist/tex/generic/pgf/basiclayer/pgfcoregraphicstate.code
.tex
File: pgfcoregraphicstate.code.tex 2025-08-29 v3.1.11a (3.1.11a)
\pgflinewidth=\dimen349
)
(c:/texlive/2025/texmf-dist/tex/generic/pgf/basiclayer/pgfcoretransformations.c
ode.tex
File: pgfcoretransformations.code.tex 2025-08-29 v3.1.11a (3.1.11a)
\pgf@pt@x=\dimen350
\pgf@pt@y=\dimen351
\pgf@pt@temp=\dimen352
)
(c:/texlive/2025/texmf-dist/tex/generic/pgf/basiclayer/pgfcorequick.code.tex
File: pgfcorequick.code.tex 2025-08-29 v3.1.11a (3.1.11a)
)
(c:/texlive/2025/texmf-dist/tex/generic/pgf/basiclayer/pgfcoreobjects.code.tex
File: pgfcoreobjects.code.tex 2025-08-29 v3.1.11a (3.1.11a)
)
(c:/texlive/2025/texmf-dist/tex/generic/pgf/basiclayer/pgfcorepathprocessing.co
de.tex
File: pgfcorepathprocessing.code.tex 2025-08-29 v3.1.11a (3.1.11a)
)
(c:/texlive/2025/texmf-dist/tex/generic/pgf/basiclayer/pgfcorearrows.code.tex
File: pgfcorearrows.code.tex 2025-08-29 v3.1.11a (3.1.11a)
\pgfarrowsep=\dimen353
)
(c:/texlive/2025/texmf-dist/tex/generic/pgf/basiclayer/pgfcoreshade.code.tex
File: pgfcoreshade.code.tex 2025-08-29 v3.1.11a (3.1.11a)
\pgf@max=\dimen354
\pgf@sys@shading@range@num=\count394
\pgf@shadingcount=\count395
)
(c:/texlive/2025/texmf-dist/tex/generic/pgf/basiclayer/pgfcoreimage.code.tex
File: pgfcoreimage.code.tex 2025-08-29 v3.1.11a (3.1.11a)
)
(c:/texlive/2025/texmf-dist/tex/generic/pgf/basiclayer/pgfcoreexternal.code.tex
File: pgfcoreexternal.code.tex 2025-08-29 v3.1.11a (3.1.11a)
\pgfexternal@startupbox=\box111
) (c:/texlive/2025/texmf-dist/tex/generic/pgf/basiclayer/pgfcorelayers.code.tex
File: pgfcorelayers.code.tex 2025-08-29 v3.1.11a (3.1.11a)
)
(c:/texlive/2025/texmf-dist/tex/generic/pgf/basiclayer/pgfcoretransparency.code
.tex
File: pgfcoretransparency.code.tex 2025-08-29 v3.1.11a (3.1.11a)
)
(c:/texlive/2025/texmf-dist/tex/generic/pgf/basiclayer/pgfcorepatterns.code.tex
File: pgfcorepatterns.code.tex 2025-08-29 v3.1.11a (3.1.11a)
) (c:/texlive/2025/texmf-dist/tex/generic/pgf/basiclayer/pgfcorerdf.code.tex
File: pgfcorerdf.code.tex 2025-08-29 v3.1.11a (3.1.11a)
))) (c:/texlive/2025/texmf-dist/tex/generic/pgf/modules/pgfmoduleshapes.code.te
x
File: pgfmoduleshapes.code.tex 2025-08-29 v3.1.11a (3.1.11a)
\pgfnodeparttextbox=\box112
)
(c:/texlive/2025/texmf-dist/tex/generic/pgf/modules/pgfmoduleplot.code.tex
File: pgfmoduleplot.code.tex 2025-08-29 v3.1.11a (3.1.11a)
)
(c:/texlive/2025/texmf-dist/tex/latex/pgf/compatibility/pgfcomp-version-0-65.st
y
Package: pgfcomp-version-0-65 2025-08-29 v3.1.11a (3.1.11a)
\pgf@nodesepstart=\dimen355
\pgf@nodesepend=\dimen356
)
(c:/texlive/2025/texmf-dist/tex/latex/pgf/compatibility/pgfcomp-version-1-18.st
y
Package: pgfcomp-version-1-18 2025-08-29 v3.1.11a (3.1.11a)
)) (c:/texlive/2025/texmf-dist/tex/latex/pgf/utilities/pgffor.sty
(c:/texlive/2025/texmf-dist/tex/latex/pgf/utilities/pgfkeys.sty
(c:/texlive/2025/texmf-dist/tex/generic/pgf/utilities/pgfkeys.code.tex))
(c:/texlive/2025/texmf-dist/tex/latex/pgf/math/pgfmath.sty
(c:/texlive/2025/texmf-dist/tex/generic/pgf/math/pgfmath.code.tex))
(c:/texlive/2025/texmf-dist/tex/generic/pgf/utilities/pgffor.code.tex
Package: pgffor 2025-08-29 v3.1.11a (3.1.11a)
\pgffor@iter=\dimen357
\pgffor@skip=\dimen358
\pgffor@stack=\toks41
\pgffor@toks=\toks42
))
(c:/texlive/2025/texmf-dist/tex/generic/pgf/frontendlayer/tikz/tikz.code.tex
Package: tikz 2025-08-29 v3.1.11a (3.1.11a)

(c:/texlive/2025/texmf-dist/tex/generic/pgf/libraries/pgflibraryplothandlers.co
de.tex
File: pgflibraryplothandlers.code.tex 2025-08-29 v3.1.11a (3.1.11a)
\pgf@plot@mark@count=\count396
\pgfplotmarksize=\dimen359
)
\tikz@lastx=\dimen360
\tikz@lasty=\dimen361
\tikz@lastxsaved=\dimen362
\tikz@lastysaved=\dimen363
\tikz@lastmovetox=\dimen364
\tikz@lastmovetoy=\dimen365
\tikzleveldistance=\dimen366
\tikzsiblingdistance=\dimen367
\tikz@figbox=\box113
\tikz@figbox@bg=\box114
\tikz@tempbox=\box115
\tikz@tempbox@bg=\box116
\tikztreelevel=\count397
\tikznumberofchildren=\count398
\tikznumberofcurrentchild=\count399
\tikz@fig@count=\count400

(c:/texlive/2025/texmf-dist/tex/generic/pgf/modules/pgfmodulematrix.code.tex
File: pgfmodulematrix.code.tex 2025-08-29 v3.1.11a (3.1.11a)
\pgfmatrixcurrentrow=\count401
\pgfmatrixcurrentcolumn=\count402
\pgf@matrix@numberofcolumns=\count403
)
\tikz@expandcount=\count404

(c:/texlive/2025/texmf-dist/tex/generic/pgf/frontendlayer/tikz/libraries/tikzli
brarytopaths.code.tex
File: tikzlibrarytopaths.code.tex 2025-08-29 v3.1.11a (3.1.11a)
)))
(c:/texlive/2025/texmf-dist/tex/latex/pgfplots/pgfplots.sty
(c:/texlive/2025/texmf-dist/tex/generic/pgfplots/pgfplots.revision.tex)
Package: pgfplots 2025/08/14 v1.18.2 Data Visualization (1.18.2)

(c:/texlive/2025/texmf-dist/tex/generic/pgfplots/pgfplots.code.tex
(c:/texlive/2025/texmf-dist/tex/generic/pgfplots/pgfplotscore.code.tex
Package pgfplots info on input line 124: Initializing with LUA version Lua 5.3
\pgfplots@luabackend@table=\catcodetable16
\t@pgfplots@toka=\toks43
\t@pgfplots@tokb=\toks44
\t@pgfplots@tokc=\toks45
\pgfplots@tmpa=\dimen368
\c@pgfplots@coordindex=\count405
\c@pgfplots@scanlineindex=\count406

(c:/texlive/2025/texmf-dist/tex/generic/pgfplots/sys/pgfplotssysgeneric.code.te
x))
(c:/texlive/2025/texmf-dist/tex/generic/pgfplots/libs/pgfplotslibrary.code.tex)
(c:/texlive/2025/texmf-dist/tex/generic/pgfplots/oldpgfcompatib/pgfplotsoldpgfs
upp_loader.code.tex
(c:/texlive/2025/texmf-dist/tex/generic/pgf/libraries/pgflibraryfpu.code.tex)
(c:/texlive/2025/texmf-dist/tex/generic/pgfplots/oldpgfcompatib/pgfplotsoldpgfs
upp_pgfutil-common-lists.tex)
(c:/texlive/2025/texmf-dist/tex/generic/pgf/libraries/luamath/pgflibraryluamath
.code.tex)
Package pgfplots info on input line 292: luamath library shipped with pgf 3.1.1
1a is up-to-date
)
(c:/texlive/2025/texmf-dist/tex/generic/pgfplots/util/pgfplotsutil.code.tex
Package pgfplots info on input line 82: Found new luatex: initializing lua comm
ands instead of write18 (shell-escape)

(c:/texlive/2025/texmf-dist/tex/generic/pgfplots/liststructure/pgfplotsliststru
cture.code.tex)
(c:/texlive/2025/texmf-dist/tex/generic/pgfplots/liststructure/pgfplotsliststru
ctureext.code.tex)
(c:/texlive/2025/texmf-dist/tex/generic/pgfplots/liststructure/pgfplotsarray.co
de.tex
\c@pgfplotsarray@tmp=\count407
)
(c:/texlive/2025/texmf-dist/tex/generic/pgfplots/liststructure/pgfplotsmatrix.c
ode.tex)
(c:/texlive/2025/texmf-dist/tex/generic/pgfplots/numtable/pgfplotstableshared.c
ode.tex
\c@pgfplotstable@counta=\count408
\t@pgfplotstable@a=\toks46
)
(c:/texlive/2025/texmf-dist/tex/generic/pgfplots/liststructure/pgfplotsdeque.co
de.tex)
(c:/texlive/2025/texmf-dist/tex/generic/pgfplots/util/pgfplotsbinary.code.tex
(c:/texlive/2025/texmf-dist/tex/generic/pgfplots/util/pgfplotsbinary.data.code.
tex))
(c:/texlive/2025/texmf-dist/tex/generic/pgfplots/util/pgfplotsutil.verb.code.te
x)
(c:/texlive/2025/texmf-dist/tex/generic/pgfplots/libs/pgflibrarypgfplots.surfsh
ading.code.tex
\c@pgfplotslibrarysurf@no=\count409

(c:/texlive/2025/texmf-dist/tex/generic/pgfplots/sys/pgflibrarypgfplots.surfsha
ding.pgfsys-luatex.def)))
(c:/texlive/2025/texmf-dist/tex/generic/pgfplots/util/pgfplotscolormap.code.tex
(c:/texlive/2025/texmf-dist/tex/generic/pgfplots/util/pgfplotscolor.code.tex))
(c:/texlive/2025/texmf-dist/tex/generic/pgfplots/pgfplotsstackedplots.code.tex) (c:/texlive/2025/texmf-dist/tex/generic/pgfplots/pgfplotsplothandlers.code.tex
(c:/texlive/2025/texmf-dist/tex/generic/pgfplots/pgfplotsmeshplothandler.code.t
ex
(c:/texlive/2025/texmf-dist/tex/generic/pgfplots/pgfplotsmeshplotimage.code.tex
))) (c:/texlive/2025/texmf-dist/tex/generic/pgfplots/pgfplots.scaling.code.tex)
(c:/texlive/2025/texmf-dist/tex/generic/pgfplots/pgfplotscoordprocessing.code.t
ex)
(c:/texlive/2025/texmf-dist/tex/generic/pgfplots/pgfplots.errorbars.code.tex)
(c:/texlive/2025/texmf-dist/tex/generic/pgfplots/pgfplots.markers.code.tex)
(c:/texlive/2025/texmf-dist/tex/generic/pgfplots/pgfplotsticks.code.tex)
(c:/texlive/2025/texmf-dist/tex/generic/pgfplots/pgfplots.paths.code.tex)
(c:/texlive/2025/texmf-dist/tex/generic/pgf/frontendlayer/tikz/libraries/tikzli
brarydecorations.code.tex
(c:/texlive/2025/texmf-dist/tex/generic/pgf/modules/pgfmoduledecorations.code.t
ex
\pgfdecoratedcompleteddistance=\dimen369
\pgfdecoratedremainingdistance=\dimen370
\pgfdecoratedinputsegmentcompleteddistance=\dimen371
\pgfdecoratedinputsegmentremainingdistance=\dimen372
\pgf@decorate@distancetomove=\dimen373
\pgf@decorate@repeatstate=\count410
\pgfdecorationsegmentamplitude=\dimen374
\pgfdecorationsegmentlength=\dimen375
)
\tikz@lib@dec@box=\box117
)
(c:/texlive/2025/texmf-dist/tex/generic/pgf/frontendlayer/tikz/libraries/tikzli
brarydecorations.pathmorphing.code.tex
(c:/texlive/2025/texmf-dist/tex/generic/pgf/libraries/decorations/pgflibrarydec
orations.pathmorphing.code.tex))
(c:/texlive/2025/texmf-dist/tex/generic/pgf/frontendlayer/tikz/libraries/tikzli
brarydecorations.pathreplacing.code.tex
(c:/texlive/2025/texmf-dist/tex/generic/pgf/libraries/decorations/pgflibrarydec
orations.pathreplacing.code.tex))
(c:/texlive/2025/texmf-dist/tex/generic/pgfplots/libs/tikzlibrarypgfplots.conto
urlua.code.tex)
\pgfplots@numplots=\count411
\pgfplots@xmin@reg=\dimen376
\pgfplots@xmax@reg=\dimen377
\pgfplots@ymin@reg=\dimen378
\pgfplots@ymax@reg=\dimen379
\pgfplots@zmin@reg=\dimen380
\pgfplots@zmax@reg=\dimen381
)
(c:/texlive/2025/texmf-dist/tex/generic/pgf/frontendlayer/tikz/libraries/tikzli
braryplotmarks.code.tex
File: tikzlibraryplotmarks.code.tex 2025-08-29 v3.1.11a (3.1.11a)

(c:/texlive/2025/texmf-dist/tex/generic/pgf/libraries/pgflibraryplotmarks.code.
tex
File: pgflibraryplotmarks.code.tex 2025-08-29 v3.1.11a (3.1.11a)
))) (c:/texlive/2025/texmf-dist/tex/latex/pgfplots/pgfplotstable.sty
(c:/texlive/2025/texmf-dist/tex/generic/pgfplots/pgfplots.revision.tex)
Package: pgfplotstable 2025/08/14 v1.18.2 Table typesetting and Pretty-printing
 (1.18.2)

(c:/texlive/2025/texmf-dist/tex/generic/pgfplots/numtable/pgfplotstable.code.te
x
(c:/texlive/2025/texmf-dist/tex/generic/pgfplots/numtable/pgfplotstable.coltype
.code.tex)) (c:/texlive/2025/texmf-dist/tex/latex/tools/array.sty
Package: array 2025/06/08 v2.6j Tabular extension package (FMi)
\col@sep=\dimen382
\ar@mcellbox=\box118
\extrarowheight=\dimen383
\NC@list=\toks47
\extratabsurround=\skip71
\backup@length=\skip72
\ar@cellbox=\box119
))
(c:/texlive/2025/texmf-dist/tex/generic/pgf/frontendlayer/tikz/libraries/tikzli
braryintersections.code.tex
(c:/texlive/2025/texmf-dist/tex/generic/pgf/libraries/pgflibraryintersections.c
ode.tex
\pgf@intersect@solutions=\count412
))
(c:/texlive/2025/texmf-dist/tex/generic/pgf/frontendlayer/tikz/libraries/tikzli
brarycalc.code.tex
File: tikzlibrarycalc.code.tex 2025-08-29 v3.1.11a (3.1.11a)
)
(c:/texlive/2025/texmf-dist/tex/generic/pgf/frontendlayer/tikz/libraries/tikzli
braryfpu.code.tex)) (c:/texlive/2025/texmf-dist/tex/latex/booktabs/booktabs.sty
Package: booktabs 2020/01/12 v1.61803398 Publication quality tables
\heavyrulewidth=\dimen384
\lightrulewidth=\dimen385
\cmidrulewidth=\dimen386
\belowrulesep=\dimen387
\belowbottomsep=\dimen388
\aboverulesep=\dimen389
\abovetopsep=\dimen390
\cmidrulesep=\dimen391
\cmidrulekern=\dimen392
\defaultaddspace=\dimen393
\@cmidla=\count413
\@cmidlb=\count414
\@aboverulesep=\dimen394
\@belowrulesep=\dimen395
\@thisruleclass=\count415
\@lastruleclass=\count416
\@thisrulewidth=\dimen396
) (c:/texlive/2025/texmf-dist/tex/latex/colortbl/colortbl.sty
Package: colortbl 2024/10/29 v1.0k Color table columns (DPC)
\everycr=\toks48
\minrowclearance=\skip73
) (./style.tex)
(./commands.tex)
PGFPlots: reading {"data/TwoPolDisrapted.dat"}
PGFPlots: reading {"data/TwoPol.dat"}
PGFPlots: reading {"data/NikolPris.dat"}
PGFPlots: reading {"data/horPolPinck.dat"}
PGFPlots: reading {"data/BlackMirrorBruster.dat"}
PGFPlots: reading {"data/PlateSeriesBruster.dat"}
 (./cmdcommands.tex
("|cd fitscript && gnuplot -c fitTwoPol.gp ''../data/TwoPolDisrapted.dat'' TwoP
olDisraptedPar.txt")
("|cd fitscript && gnuplot -c fitTwoPol.gp ''../data/TwoPol.dat'' TwoPolPar.txt
")
("|cd fitscript && gnuplot -c fitTwoPol.gp ''../data/NikolPris.dat'' NikolPrisP
ar.txt")
("|cd fitscript && gnuplot -c fitTwoPol.gp ''../data/horPolPinck.dat'' horPolPi
nckPar.txt")
("|cd fitscript && gnuplot -c fitBruster.gp ''../data/BlackMirrorBruster.dat'' 
BlackMirrorBrusterPar.txt")
("|cd fitscript && gnuplot -c fitBruster.gp ''../data/PlateSeriesBruster.dat'' 
PlateSeriesBrusterPar.txt"))
PGFPlots: reading {"fitscript/TwoPolDisraptedPar.txt"}
PGFPlots: reading {"fitscript/TwoPolPar.txt"}
PGFPlots: reading {"fitscript/NikolPrisPar.txt"}
PGFPlots: reading {"fitscript/horPolPinckPar.txt"}
PGFPlots: reading {"fitscript/BlackMirrorBrusterPar.txt"}
PGFPlots: reading {"fitscript/PlateSeriesBrusterPar.txt"}
 (./main.aux
Package babel Info: 'ukrainian' activates 'ukrainian' shorthands.
(babel)             Reported on input line 9.
)
\openout1 = main.aux

LaTeX Font Info:    Checking defaults for OML/cmm/m/it on input line 25.
LaTeX Font Info:    ... okay on input line 25.
LaTeX Font Info:    Checking defaults for OMS/cmsy/m/n on input line 25.
LaTeX Font Info:    ... okay on input line 25.
LaTeX Font Info:    Checking defaults for OT1/cmr/m/n on input line 25.
LaTeX Font Info:    ... okay on input line 25.
LaTeX Font Info:    Checking defaults for T1/cmr/m/n on input line 25.
LaTeX Font Info:    ... okay on input line 25.
LaTeX Font Info:    Checking defaults for TS1/cmr/m/n on input line 25.
LaTeX Font Info:    ... okay on input line 25.
LaTeX Font Info:    Checking defaults for TU/lmr/m/n on input line 25.
LaTeX Font Info:    ... okay on input line 25.
LaTeX Font Info:    Checking defaults for OMX/cmex/m/n on input line 25.
LaTeX Font Info:    ... okay on input line 25.
LaTeX Font Info:    Checking defaults for U/cmr/m/n on input line 25.
LaTeX Font Info:    ... okay on input line 25.
LaTeX Font Info:    Checking defaults for PD1/pdf/m/n on input line 25.
LaTeX Font Info:    ... okay on input line 25.
LaTeX Font Info:    Checking defaults for PU/pdf/m/n on input line 25.
LaTeX Font Info:    ... okay on input line 25.
LaTeX Info: Redefining \th on input line 25.
LaTeX Info: Redefining \microtypecontext on input line 25.
Package microtype Info: Applying patch `item' on input line 25.
Package microtype Info: Applying patch `toc' on input line 25.
Package microtype Info: Applying patch `eqnum' on input line 25.
Package microtype Info: Applying patch `footnote' on input line 25.
Package microtype Info: Applying patch `verbatim' on input line 25.
LaTeX Info: Redefining \microtypesetup on input line 25.
Package microtype Info: Generating PDF output.
Package microtype Info: Character protrusion enabled (level 2).
Package microtype Info: Using default protrusion set `alltext'.
Package microtype Info: Automatic font expansion enabled (level 2),
(microtype)             stretch: 20, shrink: 20, step: 1, non-selected.
Package microtype Info: Using default expansion set `alltext-nott'.
Package microtype Info: Patching command `\showhyphens'.
Package microtype Info: No adjustment of tracking.
Package microtype Info: No adjustment of spacing.
Package microtype Info: No adjustment of kerning.

(c:/texlive/2025/texmf-dist/tex/latex/microtype/mt-NewComputerModern.cfg
File: mt-NewComputerModern.cfg 2021/11/09 v1.1 microtype config. file: New Comp
uter Modern (AT)
)
(c:/texlive/2025/texmf-dist/tex/latex/epstopdf-pkg/epstopdf-base.sty
Package: epstopdf-base 2020-01-24 v2.11 Base part for package epstopdf
Package epstopdf-base Info: Redefining graphics rule for `.eps' on input line 4
85.

(c:/texlive/2025/texmf-dist/tex/latex/latexconfig/epstopdf-sys.cfg
File: epstopdf-sys.cfg 2010/07/13 v1.3 Configuration of (r)epstopdf for TeX Liv
e
))
Package hyperref Info: Link coloring ON on input line 25.

(./main.out) (./main.out)
\@outlinefile=\write4

\openout4 = main.out

*geometry* driver: auto-detecting
*geometry* detected driver: luatex
*geometry* verbose mode - [ preamble ] result:
* driver: luatex
* paper: a4paper
* layout: <same size as paper>
* layoutoffset:(h,v)=(0.0pt,0.0pt)
* modes: 
* h-part:(L,W,R)=(71.13188pt, 497.92325pt, 28.45274pt)
* v-part:(T,H,B)=(56.9055pt, 731.23584pt, 56.9055pt)
* \paperwidth=597.50787pt
* \paperheight=845.04684pt
* \textwidth=497.92325pt
* \textheight=731.23584pt
* \oddsidemargin=-1.1381pt
* \evensidemargin=-1.1381pt
* \topmargin=-35.90039pt
* \headheight=12.0pt
* \headsep=8.5359pt
* \topskip=10.0pt
* \footskip=28.45274pt
* \marginparwidth=65.0pt
* \marginparsep=11.0pt
* \columnsep=10.0pt
* \skip\footins=12.6pt plus 5.59944pt minus 2.80057pt
* \hoffset=0.0pt
* \voffset=0.0pt
* \mag=1000
* \@twocolumnfalse
* \@twosidefalse
* \@mparswitchfalse
* \@reversemarginfalse
* (1in=72.27pt=25.4mm, 1cm=28.453pt)

Package pgfplots notification 'compat/show suggested version=true': document ha
s been generated with the most recent feature set (\pgfplotsset{compat=1.18}).

(./title/title.tex
<title/kpi_building.png, id=63, 602.25pt x 141.52875pt>
File: title/kpi_building.png Graphic file (type png)
<use title/kpi_building.png>
Package luatex.def Info: title/kpi_building.png  used on input line 4.
(luatex.def)             Requested size: 398.3401pt x 93.61441pt.


[1

{c:/texlive/2025/texmf-var/fonts/map/pdftex/updmap/pdftex.map}<./title/kpi_build
ing.png>])
LaTeX Font Info:    Calculating math sizes for size <14> on input line 32.
Package microtype Info: Loading generic protrusion settings for font family
(microtype)             `NewCMMath-Book.otf' (encoding: TU).
(microtype)             For optimal results, create family-specific settings.
(microtype)             See the microtype manual for details.
 (./table/PolData.tex

LaTeX Warning: `!h' float specifier changed to `!ht'.

) (./chart/PolDisrapted.tex
Package pgfplots info on input line 8: Using 'lua backend=false' for plot 0 (ty
pe 'pgfplothandlerdiscard'): LUA does not support error bars (yet).
Package pgfplots info on input line 22: Deactivating LUA version of plot expres
sion for plot 1 (type 'pgfplothandlerlineto'): y expression '\a *(cos(x-\b ))^2
+\c ' contains a TeX macro.


LaTeX Warning: `!h' float specifier changed to `!ht'.

) (./chart/Pol.tex
Package pgfplots info on input line 8: Using 'lua backend=false' for plot 0 (ty
pe 'pgfplothandlerdiscard'): LUA does not support error bars (yet).
Package pgfplots info on input line 22: Deactivating LUA version of plot expres
sion for plot 1 (type 'pgfplothandlerlineto'): y expression '\a *(cos(x-\b ))^2
+\c ' contains a TeX macro.


LaTeX Warning: `!h' float specifier changed to `!ht'.

)

[2]

[3] (./table/NikolPrisData.tex

LaTeX Warning: `!h' float specifier changed to `!ht'.

) (./chart/NikolPris.tex
Package pgfplots info on input line 8: Using 'lua backend=false' for plot 0 (ty
pe 'pgfplothandlerdiscard'): LUA does not support error bars (yet).
Package pgfplots info on input line 22: Deactivating LUA version of plot expres
sion for plot 1 (type 'pgfplothandlerlineto'): y expression '\a *(cos(x-\b ))^2
+\c ' contains a TeX macro.


LaTeX Warning: `!h' float specifier changed to `!ht'.

)

[4]

[5]

[6] (./table/horPolPinck.tex) (./chart/horPolPinck.tex
Package pgfplots info on input line 9: Using 'lua backend=false' for plot 0 (ty
pe 'pgfplothandlerdiscard'): LUA does not support error bars (yet).
Package pgfplots info on input line 19: Deactivating LUA version of plot expres
sion for plot 1 (type 'pgfplothandlerlineto'): y expression '\a *(cos(x-\b ))^2
+\c ' contains a TeX macro.


LaTeX Warning: `!h' float specifier changed to `!ht'.

)

[7] (./table/BlackMirrorBruster.tex

LaTeX Warning: `!h' float specifier changed to `!ht'.

) (./chart/BlackMirrorBruster.tex
Package pgfplots info on input line 9: Using 'lua backend=false' for plot 0 (ty
pe 'pgfplothandlerdiscard'): LUA does not support error bars (yet).
Package pgfplots info on input line 23: Deactivating LUA version of plot expres
sion for plot 1 (type 'pgfplothandlerlineto'): y expression '\a *((\n ^2*cos(x-
\b )-sqrt(\n ^2-(sin(x-\b ))^2))/(\n ^2*cos(x-\b )+sqrt(\n ^2-(sin(x-\b ))^2)))
^2+\c ' contains a TeX macro.


LaTeX Warning: `!h' float specifier changed to `!ht'.

) (./table/PlateSeriesBruster.tex

[8]) (./chart/PlateSeriesBruster.tex
Package pgfplots info on input line 9: Using 'lua backend=false' for plot 0 (ty
pe 'pgfplothandlerdiscard'): LUA does not support error bars (yet).
Package pgfplots info on input line 23: Deactivating LUA version of plot expres
sion for plot 1 (type 'pgfplothandlerlineto'): y expression '\a *((\n ^2*cos(x-
\b )-sqrt(\n ^2-(sin(x-\b ))^2))/(\n ^2*cos(x-\b )+sqrt(\n ^2-(sin(x-\b ))^2)))
^2+\c ' contains a TeX macro.


LaTeX Warning: `!h' float specifier changed to `!ht'.

)

[9]

[10]

[11] (./main.aux)
 ***********
LaTeX2e <2025-06-01> patch level 1
L3 programming layer <2022/08/05>
 ***********
Package rerunfilecheck Info: File `main.out' has not changed.
(rerunfilecheck)             Checksum: E7D15736E4DBE4E78FC2922342B71E7B;4091.
)

Here is how much of LuaTeX's memory you used:
 47318 strings out of 476291
 382243,2373549 words of node,token memory allocated
 698 words of node memory still in use:
   8 hlist, 2 vlist, 2 rule, 1 local_par, 7 glue, 4 kern, 1 penalty, 3 glyph, 40
 attribute, 59 glue_spec, 22 attribute_list, 2 write nodes
   avail lists: 1:7,2:53074,3:15549,4:2119,5:747,6:54,7:14872,8:126,9:5883,10:24
,11:1052
 68305 multiletter control sequences out of 65536+600000
 103 fonts using 61070083 bytes
 106i,23n,116p,1607b,3125s stack positions out of 10000i,1000n,20000p,200000b,200000s
<c:/texlive/2025/texmf-dist/fonts/opentype/public/newcomputermodern/NewCMMath-Bo
ok.otf><c:/texlive/2025/texmf-dist/fonts/opentype/public/newcomputermodern/NewCM
10-Book.otf><c:/texlive/2025/texmf-dist/fonts/opentype/public/newcomputermodern/
NewCMMath-Book.otf><c:/texlive/2025/texmf-dist/fonts/opentype/public/newcomputer
modern/NewCM10-Book.otf><c:/texlive/2025/texmf-dist/fonts/opentype/public/newcom
putermodern/NewCM10-Bold.otf>
Output written on main.pdf (11 pages, 171553 bytes).

PDF statistics: 192 PDF objects out of 1000 (max. 8388607)
 160 compressed objects within 2 object streams
 43 named destinations out of 1000 (max. 131072)
 128 words of extra memory for PDF output out of 10000 (max. 100000000)

